TRADEDATE,consumer,metals_mining,oil_gas,consumer_log_return,metals_mining_log_return,oil_gas_log_return
2004-12-30,NA,1000,1000,NA,NA,NA
2004-12-31,1000,NA,NA,NA,NA,NA
2005-01-11,1000.24,968.46,1007.46,2.39971204607059e-4,-0.032048097968893074,0.007432311817296089
2005-01-12,997.34,955.53,1009.62,-0.002903515290848091,-0.013441020651542956,0.0021417106169776545
2005-01-13,1001.56,950.12,1008.79,0.004222328550234522,-0.005677867954807958,-8.224295824774686e-4
2005-01-14,1008.31,977.02,1022.41,0.006716877587088277,0.027918830255433846,0.013410992649173004
2005-01-17,996.77,976.44,1016.77,-0.011510889761119358,-5.938181657603181e-4,-0.005531649370424496
2005-01-18,997.14,959.88,1009.98,3.7113009538725095e-4,-0.017105027847835963,-0.0067004074536365366
2005-01-19,984.87,985.34,1019.86,-0.012381528600915459,0.02617848262822875,0.009734834296994954
2005-01-20,NA,966.06,1005.05,NA,-0.019760815192056747,-0.014628071456635361
2005-01-21,984.9,982.5,1006.15,3.0460409085719675e-5,0.016874399658513894,0.0010938744129722622
2005-01-24,1004.99,1016.41,1019.44,0.02019275701925949,0.03393174630039564,0.013122290991646857
2005-01-25,1003.96,1023.42,1030.13,-0.0010254113743508597,0.006873148837025056,0.010431550947625823
2005-01-26,1003.46,1019.18,1028.88,-4.981518669140428e-4,-0.0041515774893854385,-0.0012141758938177816
2005-01-27,1025.42,1032.4,1039.97,0.021648256789314146,0.012887806453007578,0.010721034607682256
2005-01-28,1033,1076.39,1063.04,0.007364905376673114,0.041726660738455656,0.021940861419361468
2005-01-31,1053.33,1070.04,1085.07,0.019489384231239804,-0.00591681864812621,0.020511773037640957
2005-02-01,1054.01,1086.43,1091.32,6.453633714560425e-4,0.015201060626818474,0.005743471694836799
2005-02-02,1053.74,1089.79,1097.96,-2.5619736826154593e-4,0.0030879255496953917,0.006065939816043198
2005-02-03,1071.02,1089.4,1099.39,0.016265725055637503,-3.5793116172833095e-4,0.0013015679813213055
2005-02-04,1090.28,1084.76,1099.24,0.01782307855921772,-0.0042683215996168755,-1.364486068444748e-4
2005-02-07,1082.48,1068.26,1101.05,-0.0071798390135393575,-0.015327607765027729,0.0016452380443281456
2005-02-08,1072.53,1092.64,1119.13,-0.009234361516454292,0.02256562962784958,0.01628732776830244
2005-02-09,1071.98,1080.1,1103.29,-5.129376986436895e-4,-0.011543156788350828,-0.01425497271325682
2005-02-10,1083.7,1085.75,1110.53,0.010873706188658794,0.005217362990502572,0.006540753820512002
2005-02-11,1203.85,1084.55,1101.93,0.10514364246088803,-0.0011058380152855207,-0.007774191003578679
2005-02-14,1271.77,1074.78,1100.29,0.05488487655069196,-0.009049164944579857,-0.0014894064200419166
2005-02-15,1264.84,1093.31,1107.51,-0.005463998991897867,0.017093802563866944,0.00654047081976028
2005-02-16,1268.1,1099.45,1113.09,0.00257408529222225,0.005600262725847571,0.005025679316140064
2005-02-17,1324.87,1108.23,1135.05,0.043794624158505435,0.007954093247883876,0.019536771268601427
2005-02-18,1324.9,1106.3,1137.81,2.2643474718364587e-5,-0.001743033951798978,0.002428659360126595
2005-02-21,NA,1119.23,1147.22,NA,0.01161983481177753,0.008236262276366091
2005-02-22,NA,1124.87,1142.07,NA,0.0050265245532647995,-0.004499219135720267
2005-02-24,1325.91,1170.45,1170.59,7.62031265066021e-4,0.03972081682497297,0.024665489883506808
2005-02-25,1326.52,1175.4,1178.05,4.5995559600342517e-4,0.004220224947670381,0.0063526339395885145
2005-02-28,1306.76,1229.23,1203.26,-0.015008180598218956,0.04477944189775496,0.021174010841025215
2005-03-01,1307.34,1195.85,1188.62,4.437473773135636e-4,-0.02753072749143204,-0.012241569663943963
2005-03-02,1349.37,1179.01,1179.26,0.031643278328789215,-0.014182126319265187,-0.007905847215092798
2005-03-03,1356.23,1225.2,1183.48,0.005070974793228267,0.03842899269301192,0.0035721276884457254
2005-03-04,1356.46,1250.24,1202.6,1.695733759117246e-4,0.020231436908085598,0.0160266288225257
2005-03-05,1357.49,1250.67,1207.04,7.59041286282347e-4,3.438748329509522e-4,0.003685201959515716
2005-03-09,NA,1257.32,1212.74,NA,0.005303063875483183,0.0047111808038149405
2005-03-10,1357.46,1202.49,1180.87,-2.2099854509960437e-5,-0.04458806463811804,-0.026630807436871073
2005-03-11,1354.84,1208.18,1188.48,-0.0019319402830850763,0.004720688079871138,0.006423724792358421
2005-03-14,1338.09,1197.83,1173.77,-0.01244014216085354,-0.008603508582659458,-0.012454388943361039
2005-03-15,1331.07,1190.38,1166.49,-0.0052600939517430945,-0.006239002571814645,-0.006221551009422122
2005-03-16,1343.33,1146.41,1137.09,0.009168475831700107,-0.037637263427673595,-0.02552687248078822
2005-03-17,1352.02,1163.25,1143.49,0.006448164512941723,0.014582491290012989,0.0056126220529906234
2005-03-18,1357.48,1153.32,1139.08,0.004030269341646964,-0.008573072101564883,-0.0038640703129848575
2005-03-21,1357.68,1121.24,1121.04,1.473209684599297e-4,-0.02820952390757281,-0.015964093168758353
2005-03-22,1358.24,1144.8,1132.19,4.123832866476107e-4,0.020794733526620313,0.009896984339818893
2005-03-23,1356.43,1105.4,1122.81,-0.0013334956132524667,-0.03502268884307824,-0.008319338448050217
2005-03-24,1353.71,1173.92,1148.82,-0.0020072770508363647,0.060141315566521136,0.022900856859438434
2005-03-25,1370,1188.09,1158.9,0.011961768496601799,0.01199839966320404,0.0087359507271767
2005-03-28,1374.04,1185.96,1151.54,0.0029445656178888058,-0.001794402452794941,-0.0063711023837571545
2005-03-29,1370.52,1165.25,1144.82,-0.002565075589544108,-0.01761691692324252,-0.005852757566461975
2005-03-30,1370.38,1147.69,1129.85,-1.0215622614584419e-4,-0.015184429682517653,-0.013162538857752537
2005-03-31,1371.38,1165.11,1138.42,7.294584823931416e-4,0.015064276572982038,0.007556455606160917
2005-04-01,1371.78,1182.33,1167.37,2.9163446742774823e-4,0.014671564674321402,0.025112019168350486
2005-04-04,1377.14,1169.97,1166.86,0.003899718284138487,-0.010508960380212429,-4.3697494087169275e-4
2005-04-05,1378.31,1181.68,1171.52,8.492261302617266e-4,0.009959047294920254,0.003985670565857191
2005-04-06,1344.51,1212.04,1198.63,-0.024828476598145244,0.02536773565264916,0.02287718697972263
2005-04-07,1331.82,1225.53,1200.9,-0.009483206556821777,0.011068513087709952,0.001892037755044207
2005-04-08,1291.87,1235.78,1210.67,-0.030455646748573706,0.008328946174697371,0.00810264968661123
2005-04-11,1290.22,1201.26,1185.95,-0.001278034634415448,-0.028331343735737313,-0.0206297842002936
2005-04-12,1290.09,1191.85,1179.07,-1.0076308669138001e-4,-0.00786428413092466,-0.005818149028604225
2005-04-13,1289.09,1186.32,1174.34,-7.754402950617134e-4,-0.004650643113924602,-0.004019704487491005
2005-04-14,1295.57,1165.45,1155.44,0.005014209665360703,-0.017748800154135047,-0.016225063843949172
2005-04-15,1315.83,1148.29,1144.58,0.015516892475345045,-0.014833399294101213,-0.00944346632370685
2005-04-18,1309.09,1123.13,1131.26,-0.005135405888551325,-0.022154448826445794,-0.011705701715133188
2005-04-19,1315.41,1146.25,1140.46,0.004816164767583508,0.020376314178542465,0.008099634018628343
2005-04-20,1318.87,1126.78,1140.25,0.0026269052566032514,-0.017131737104750577,-1.8415318088926824e-4
2005-04-21,1323.55,1148.97,1148.38,0.0035422112256418004,0.019501881381394526,0.007104716968790115
2005-04-22,1309.97,1144.2,1153.7,-0.010313284401252787,-0.0041601860128901436,0.00462191537264367
2005-04-25,1312.01,1150.71,1156.96,0.0015560762565947073,0.0056734403196117,0.0028217064933979685
2005-04-26,1321.76,1147.24,1144.77,0.0074038693879883155,-0.0030200854130546517,-0.010592131978503616
2005-04-27,1316.43,1116.15,1129.28,-0.004040654578978398,-0.027473794229605275,-0.013623481961232642
2005-04-28,1315.64,1117.86,1132.58,-6.002880042874637e-4,0.0015308797489375081,0.002917954551984181
2005-04-29,1323.28,1108.74,1130.38,0.00579026370303648,-0.008191907842928003,-0.0019443566771801812
2005-05-03,1323.73,1114,1122.55,3.4000627450225807e-4,0.004732906069840226,-0.006950976307485313
2005-05-04,1395.39,1118.01,1123.11,0.052720436867090825,0.0035931777316404734,4.987398017579636e-4
2005-05-05,1411.39,1121.2,1126.98,0.011401088302403828,0.0028492210717629973,0.003439865797401964
2005-05-06,1403.62,1132.51,1121.17,-0.00552042069660974,0.010036868049646763,-0.005168705766749326
2005-05-11,1401.14,1134.13,1108.53,-0.001768422714465423,0.0014294288249043774,-0.01133796959702238
2005-05-12,1407.75,1121.78,1092.13,0.004706494167840525,-0.010949127739803721,-0.014904895451319788
2005-05-13,1411.02,1101.98,1090.3,0.002320161962067857,-0.017808147697539134,-0.0016770301259567688
2005-05-14,1404.16,1100.75,1089.35,-0.004873587890039666,-0.0011167960919777897,-8.716996399931176e-4
2005-05-16,1404.19,1073.05,1073.54,2.136485836956581e-5,-0.025486704768373336,-0.014619589152862211
2005-05-17,1434.77,1103.72,1102.85,0.021543933536940507,0.028181231613344515,0.026936139339116316
2005-05-18,1433.87,1090.57,1102.39,-6.274750610248958e-4,-0.011985797161094602,-4.171881579075887e-4
2005-05-19,1541.94,1097.52,1099.27,0.07266428131936387,0.006352593698169429,-0.0028342269819487953
2005-05-20,1564.05,1099.8,1102.01,0.0142372470433072,0.0020752560558046085,0.0024894619631101733
2005-05-23,1533.19,1104.48,1096.31,-0.019928078724870346,0.004246290881451564,-0.005185789852152567
2005-05-24,1530.23,1157.3,1124.36,-0.0019324812929157886,0.04671506989886609,0.025263989641252316
2005-05-25,1512.39,1140.37,1115.13,-0.011726869898413206,-0.014736934720640527,-0.00824299484479063
2005-05-26,1552.24,1144.35,1122.03,0.026007867975503807,0.0034840190709566343,0.006168554666943216
2005-05-27,1565.63,1152.02,1123.93,0.008589249917887898,0.0066801330118977376,0.0016919272411328734
2005-05-30,1567.24,1141.46,1122.11,0.0010278116498501078,-0.00920877847228141,-0.001620630441437676
2005-05-31,1570.64,1160.66,1134.91,0.0021670690597392905,0.01668066407417701,0.011342511124492916
2005-06-01,1605.18,1148.49,1136.09,0.021752720218043642,-0.010540772736036708,0.0010391898777557529
2005-06-02,1611.49,1175.16,1149.11,0.003923317029004281,0.022956272438598546,0.011395187193471656
2005-06-03,1613.27,1176.2,1154.25,0.0011039582361336286,8.845945051527693e-4,0.00446305269858005
2005-06-06,1600.38,1164.31,1158.62,-0.008022074044463423,-0.010160266168099064,0.0037788593394507686
2005-06-07,1596.91,1158.79,1168.45,-0.0021705890691148255,-0.004752279616641708,0.008448442435265768
2005-06-08,1599.55,1153.47,1164.08,0.0016518277095762812,-0.004601566767855836,-0.0037470087097917215
2005-06-09,1600.82,1151.47,1162.46,7.936582749268339e-4,-0.0017354035262853174,-0.0013926261846517463
2005-06-10,1602.42,1158.8,1170.63,9.989886072006016e-4,0.00634559994822137,0.007003616144497293
2005-06-14,1600.31,1184.81,1185.69,-0.001317626091035251,0.022197437265853992,0.012782818180038902
2005-06-15,1589.88,1191.64,1182.08,-0.006538818792733991,0.005748085426188432,-0.003049285021087478
2005-06-16,1582.79,1208.41,1180.4,-0.004469429094335453,0.013974936296532903,-0.0014222345020362681
2005-06-17,1605.63,1220.15,1202.71,0.014327090337763693,0.009668356105371423,0.018723979838646265
2005-06-20,1591.96,1215.66,1210.04,-0.008550241450926421,-0.003686662823026765,0.006076072988197012
2005-06-21,1597.75,1206.4,1203.72,0.003630428069858027,-0.007646420912423402,-0.005236655212232932
2005-06-22,1623.15,1228.57,1218.73,0.015772316155375776,0.01821017314122031,0.01239257123760229
2005-06-23,1632.78,1225.19,1226.67,0.0059153778372502686,-0.0027549574023462142,0.006493847961482224
2005-06-24,1634.76,1219.44,1233.17,0.001211921042951758,-0.0047041970389800625,0.005284908879345629
2005-06-27,1643.01,1200.19,1234.04,0.0050339208800433966,-0.015911859377560233,7.052500890152302e-4
2005-06-28,1644.96,1202.35,1259.01,0.0011861423483958689,0.0017980974984537212,0.020032357973718717
2005-06-29,1645.07,1201.55,1256.73,6.68686911913241e-5,-6.65585115465106e-4,-0.0018125884425579386
2005-06-30,1655.81,1219.73,1276.42,0.006507378577604861,0.015017132799879818,0.01554617496858679
2005-07-01,1642.01,1232.22,1301.07,-0.008369213935393027,0.010187897821162473,0.019127718480058675
2005-07-04,1654.51,1229.25,1319.14,0.007583791337681056,-0.002413193288007598,0.013793006270030439
2005-07-05,1672,1230.41,1314.85,0.01051562217915425,9.432198645349388e-4,-0.003257418436175996
2005-07-06,1681.22,1270.08,1347.07,0.005499205680127517,0.03173244343811632,0.024209272730426612
2005-07-07,1703.92,1269.82,1344.31,0.013411758605569979,-2.0473247049679344e-4,-0.002050993146647251
2005-07-08,1686.21,1293.57,1348.12,-0.010448071964751726,0.018530679775156322,0.002830159033371693
2005-07-11,1689.74,1298.02,1347.75,0.002091263962146428,0.0034341885664614935,-2.744939498731114e-4
2005-07-12,1691.7,1299.15,1337.85,0.0011592695535069808,8.701779793423015e-4,-0.007372687551452373
2005-07-13,1685.13,1306.34,1344.08,-0.003891228335484165,0.005519129416025059,0.00464591634082101
2005-07-14,1689.87,1303.21,1335.66,0.0028088907357020076,-0.0023988821835185803,-0.006284212430854197
2005-07-15,1698.64,1288.96,1320.81,0.005176327992074015,-0.010994760027582373,-0.011180366944047115
2005-07-18,1702.06,1284.01,1315.2,0.0020113512823698443,-0.003847698268515387,-0.004256439444330518
2005-07-19,1704.98,1291.65,1324.32,0.0017140982876311384,0.00593247742871128,0.00691037483517043
2005-07-20,1718.86,1311.4,1355.62,0.008107899923429862,0.015174798019235602,0.023359794101612152
2005-07-21,1721.49,1316.79,1366.58,0.001528914507139767,0.004101687896771011,0.008052354140652085
2005-07-22,1706.35,1352.95,1372.02,-0.008833608599616127,0.027090436846644472,0.0039728380597088275
2005-07-25,1707.69,1356.16,1380,7.849937720774136e-4,0.002369783066944464,0.00579939271219132
2005-07-26,1711.62,1341.99,1375.94,0.0022987104009475345,-0.01050358970084364,-0.0029463652598344936
2005-07-27,1715.86,1351.65,1399.15,0.00247412219056109,0.00717248141012039,0.016727775468931227
2005-07-28,1713.74,1367.73,1412.7,-0.001236295935399312,0.011826362932577439,0.009637857557271978
2005-07-29,1697.83,1375.63,1413.83,-0.009327151629136665,0.005759376703881713,7.995670027920454e-4
2005-08-01,1703.07,1380.39,1410.58,0.0030815396786358917,0.0034542599349718373,-0.002301366610662825
2005-08-02,1706.59,1393.49,1428.69,0.0020647227292478476,0.009445323800568062,0.012756973166812458
2005-08-03,1712.48,1382.75,1418.18,0.003445384754638958,-0.007737121846367323,-0.007383581089406732
2005-08-04,1735.05,1405.01,1445.84,0.013093619173455195,0.015970150305451902,0.019316108140229105
2005-08-05,1749.52,1408.38,1447.27,0.008305233170546877,0.002395687488611742,9.885556487345681e-4
2005-08-08,1749.21,1406.66,1466.65,-1.7720715848934532e-4,-0.0012220076546274328,0.013301865361195375
2005-08-09,1736.1,1407.41,1469.67,-0.007523039173675805,5.330357935360297e-4,0.0020569972379451684
2005-08-10,1746.44,1395.49,1467,0.005938211985725417,-0.008505527747420416,-0.001818386632276514
2005-08-11,1762.54,1380.39,1450.11,0.00917652023072879,-0.010879540139752564,-0.011580083536776975
2005-08-12,1766.6,1387.95,1440.99,0.002300844846675254,0.005461770442561686,-0.006309038256022248
2005-08-15,1780.4,1393.6,1473.74,0.007781262830667934,0.004062488735089964,0.022473010067011856
2005-08-16,1822.29,1420.32,1516.85,0.0232558937646008,0.01899187122177093,0.0288324286752788
2005-08-17,1801.21,1422.59,1528.68,-0.011635290639976148,0.0015969555718786665,0.007768801817222837
2005-08-18,1908.32,1412.91,1522.59,0.057764612564034756,-0.006827746503442533,-0.003991785772273104
2005-08-19,1911.6,1422.5,1547.23,0.001717313873643711,0.006764479612040297,0.016053403239189912
2005-08-22,1918.19,1424.8,1553.1,0.0034414453555315916,0.0016155659749657048,0.0037866981993524007
2005-08-23,2041.97,1424.8,1556.85,0.06253299507821364,0,0.002411615503442377
2005-08-24,2091.93,1425.82,1550.85,0.024172056684180987,7.156338224891812e-4,-0.0038613813785959294
2005-08-25,2099.24,1419.46,1567.1,0.0034882896243475514,-0.004470569218193887,0.01042360982835877
2005-08-26,2063.19,1421.54,1583.23,-0.017322045730748137,0.0014642734048884165,0.010240286543779398
2005-08-29,2049.88,1422.72,1587.92,-0.006472073881773177,8.297413511417773e-4,0.0029579196313722633
2005-08-30,2018.01,1434.39,1601.5,-0.015669377531091655,0.008169139374793133,0.008515706344891072
2005-08-31,2038.69,1428.22,1607.76,0.01019556740182459,-0.004310758052664454,0.0039012158189093427
2005-09-01,2061.87,1454.7,1608.48,0.011305893298151126,0.0183707801215105,4.4772778898760635e-4
2005-09-02,2075.99,1491.95,1623.87,0.006824810315854357,0.025284295358404485,0.009522555599316362
2005-09-05,2068.53,1495.47,1622.73,-0.003599938258964208,0.0023565495504325185,-7.022731761550105e-4
2005-09-06,2053.33,1455.79,1566.99,-0.0073753445780146976,-0.026891830103110692,-0.03495333436554482
2005-09-07,2043.06,1431.56,1539.68,-0.005014181519516825,-0.01678394984919951,-0.017581979106635615
2005-09-08,2074.37,1449.92,1566.4,0.01520880914476841,0.012743623742830223,0.017205390168155255
2005-09-09,2124.31,1483.03,1614.07,0.02378955064102861,0.02257890971955323,0.02997894662122924
2005-09-12,2140.8,1479.64,1599.99,0.007732547186114047,-0.002288477271845224,-0.008761560189133988
2005-09-13,2132.29,1473.48,1582.08,-0.003983071384325854,-0.004171864966060035,-0.011256942259179503
2005-09-14,2147.1,1482.93,1565.01,0.006921574863078206,0.0063929104451379,-0.01084822321896528
2005-09-15,2153.2,1485.07,1597.26,0.002837013274140432,0.0014420487674158267,0.02039744749334016
2005-09-16,2163.45,1467.07,1634.33,0.004749062010827032,-0.01219469474030177,0.022943273189895308
2005-09-19,2162.44,1491.83,1693.48,-4.6695594125267803e-4,0.01673633982049516,0.03555264891342347
2005-09-20,2150.39,1486.01,1695.26,-0.00558799273597721,-0.003908878523005477,0.0010505380546783627
2005-09-21,2191.95,1495.77,1745.2,0.019142337568371914,0.006546448669036309,0.02903304086792069
2005-09-22,2189.57,1513.21,1745.53,-0.0010863810887897785,0.01159209784960158,1.890722003610179e-4
2005-09-23,2210.72,1513.56,1748.16,0.009613076808378196,2.3126963830133462e-4,0.001505571757537183
2005-09-26,2255.14,1496.72,1725.98,0.019893800958477925,-0.01118844470993885,-0.012768801116630257
2005-09-27,2245.53,1565.7,1827.04,-0.004270481774849344,0.04505696114031377,0.056902165862615206
2005-09-28,2277.77,1571.81,1822.49,0.01425532065831625,0.00389481322694607,-0.002493473054027362
2005-09-29,2297.08,1558.59,1822.32,0.008441856968881112,-0.008446255169917372,-9.328332622260405e-5
2005-09-30,2280.65,1584.42,1861.09,-0.007178261081182136,0.016436843368566656,0.021051922995988015
2005-10-03,2280.84,1638.82,1941.89,8.330611274320887e-5,0.03375806090692013,0.04249938804148279
2005-10-04,2338.45,1643.98,1939.19,0.024944520559330385,0.003143660442010976,-0.0013913655145358916
2005-10-05,2331.55,1579.64,1862.65,-0.0029550342702480137,-0.03992315813357905,-0.040270155172478894
2005-10-06,2261.53,1491.97,1759.6,-0.030491707078190267,-0.05709957863547732,-0.05691369444897898
2005-10-07,2220.31,1486.14,1752.69,-0.018394749604381033,-0.003915239831562722,-0.003934759894679729
2005-10-10,2236.36,1513.9,1791.09,0.007202718347244286,0.01850694812644882,0.021672622474556036
2005-10-11,2219.42,1548.01,1835.19,-0.007603643634106483,0.02228113245929375,0.024323645308435005
2005-10-12,2232.07,1494.57,1756.42,0.005683505546197232,-0.03513169504252467,-0.04387037181233744
2005-10-13,2223.15,1464.87,1725.82,-0.004004296945558927,-0.02007203872217822,-0.01757534671511163
2005-10-14,2213.78,1432.3,1659.59,-0.004223647400087849,-0.022484957526605065,-0.03913171594319298
2005-10-17,2211.86,1442.14,1672.98,-8.676711709290075e-4,0.006846577725041492,0.008035883450509651
2005-10-18,2213.02,1432.33,1688.36,5.243080158434665e-4,-0.006825632611709764,0.00915117621649486
2005-10-19,2171.95,1380.17,1613.23,-0.018732716984831477,-0.037095808929171525,-0.04551926315471011
2005-10-20,2162.95,1382.35,1627.82,-0.004152350887683731,0.0015782694442165734,0.009003315934619671
2005-10-21,2172.84,1393.44,1639.59,0.004562036977207029,0.007990560530233282,0.007204514223886349
2005-10-24,2185.88,1424.62,1684.4,0.005983425824163113,0.02212960152977761,0.026963206724738065
2005-10-25,2179.44,1426.2,1709.08,-0.002950530395032125,0.001108453119996966,0.01454579673280243
2005-10-26,2162.51,1431.2,1714.56,-0.007798378976883846,0.0034996886003053618,0.0032012738956144204
2005-10-27,2154.35,1403.07,1681.14,-0.0037805301625883914,-0.019850560250422866,-0.019684353215806638
2005-10-28,2173.3,1420.09,1717.59,0.00875769580144592,0.012057556924465196,0.021450010769923367
2005-10-31,2182.11,1466.79,1767.09,0.004045548876321803,0.03235608974333992,0.028411980338387544
2005-11-01,2161.14,1481.42,1776.11,-0.009656438357696473,0.009924747618704544,0.005091453762346099
2005-11-02,2195.43,1511.67,1833.09,0.01574206686534474,0.020213912719764693,0.03157748789964199
2005-11-03,2257.05,1500.66,1852.53,0.027680723777369742,-0.007309988631673647,0.010549204900417664
2005-11-07,2283.6,1508.45,1836.04,0.011694494217107554,0.005177622222320544,-0.00894119393561077
2005-11-08,2307.58,1522.91,1849.84,0.010446211241724512,0.009540344714410232,0.007488070410223813
2005-11-09,2317.55,1531.77,1873.64,0.004311236848476341,0.005800951226096807,0.012783914043972722
2005-11-10,2328.13,1529.86,1837.59,0.0045547770363203455,-0.001247701549687008,-0.019428132410317822
2005-11-11,2367.22,1524.73,1844.33,0.016650900633954357,-0.0033588827457000647,0.003661137411207882
2005-11-14,2419.98,1556.3,1864.51,0.022043004803191657,0.02049386402483666,0.010882216082112706
2005-11-15,2402.47,1552.45,1844.42,-0.007261900880002337,-0.0024768810411206488,-0.010833419064142369
2005-11-16,2412.31,1573.41,1844,0.004087419861233954,0.013410910367997353,-2.2773979200607641e-4
2005-11-17,2409.06,1612.05,1900.35,-0.0013481647300466193,0.0242614224174309,0.030100954599632246
2005-11-18,2383.36,1640.03,1889.72,-0.010725373136417637,0.017207873378589866,-0.005609409785652275
2005-11-21,2419.83,1627.37,1901.23,0.01518603298080734,-0.007749319553618683,0.0060723751925193525
2005-11-22,2413.51,1604.37,1894.32,-0.0026151702971164426,-0.014234058638074032,-0.0036411100547821817
2005-11-23,2417.93,1610.07,1895.31,0.0018296827583839104,0.0035465001520575967,5.224784596498111e-4
2005-11-24,2428.85,1660.15,1915.56,0.004506092076562496,0.030630303419796334,0.010627594536481766
2005-11-25,2421.09,1704.81,1914.62,-0.0032000423188902616,0.026545707843889765,-4.908385605233434e-4
2005-11-28,2421.74,1690.5,1903.71,2.6843808430321303e-4,-0.008429324409972239,-0.005714555677410971
2005-11-29,2420.43,1678.77,1902.09,-5.410797357221497e-4,-0.00696296075524927,-8.513322286214375e-4
2005-11-30,2418.86,1671.62,1899.99,-6.488555366939153e-4,-0.004268166305676502,-0.0011046586150458282
2005-12-01,2420.98,1709.54,1935.35,8.760620746102177e-4,0.022431112373174855,0.01843956567751448
2005-12-02,2450.19,1745.62,1934.6,0.011993155697473057,0.020885464931533093,-3.87601911854496e-4
2005-12-05,2459.5,1732.29,1940.15,0.003792504683138631,-0.007665560795659054,0.002864702907550587
2005-12-06,2463.3,1718.07,1943.87,0.0015438371474578716,-0.00824266482953373,0.0019155417003435815
2005-12-07,2461.08,1721.46,1951.22,-9.016364092104823e-4,0.0019712001917069344,0.003773986595338563
2005-12-08,2449.5,1701.64,1937.48,-0.004716355895012292,-0.01158027606124179,-0.007066658358100497
2005-12-09,2389.54,1700.78,1944.9,-0.024783043296781493,-5.055225506049865e-4,0.0038224022554809167
2005-12-12,2384.51,1725.42,1949.83,-0.0021072263010522008,0.014383529743918544,0.0025316274212006107
2005-12-13,2380.03,1720.33,1936.38,-0.0018805598527018574,-0.0029543662205586685,-0.006921938702595831
2005-12-14,2380.01,1714.37,1944.53,-8.403290728153934e-6,-0.0034704666968998765,0.004200052039750268
2005-12-15,2377.45,1692.72,1945.41,-0.0010762046331809216,-0.012708963604816326,4.5244914575093276e-4
2005-12-16,2430.77,1687.57,1946.59,0.022179594864927488,-0.003047078200199671,6.063720638005421e-4
2005-12-19,2436.32,1694.52,1948.24,0.002280624523309349,0.0041098905013274845,8.472770820340259e-4
2005-12-20,2421.07,1705.67,1928.48,-0.006279112900319461,0.006558480535991507,-0.010194273058966807
2005-12-21,2421.47,1722.85,1936.25,1.652025593630313e-4,0.01002190087513366,0.004020984891044854
2005-12-22,2425.66,1768.87,1937.16,0.0017288585384109822,0.026361028332893888,4.698702263601362e-4
2005-12-23,2432.68,1764.34,1918.42,0.002889877977072075,-0.0025642418549640666,-0.009721052384070283
2005-12-26,2471.35,1757.87,1920.68,0.015771029750720977,-0.0036738339151618504,0.0011773594129165232
2005-12-27,2479.62,1752.36,1912.55,0.0033407625946333397,-0.003139398002674376,-0.004241859836486839
2005-12-28,2473.71,1745.8,1895.67,-0.002386274608978667,-0.003750547539130622,-0.008865092116311146
2005-12-29,2418.52,1748.76,1899.83,-0.022563265185890913,0.001694062032355781,0.0021920704338258545
2005-12-30,2418.32,1745.96,1919.53,-8.269862146104145e-5,-0.0016024177039302145,0.010315955921477382
2006-01-10,2453.04,1630.33,2053.74,0.014254987492957838,-0.06852209933217956,0.0675821568090198
2006-01-11,2430.97,1586.96,2076.68,-0.009037717049528382,-0.026962211877642694,0.011107943440713974
2006-01-12,2499.8,1570.98,2115.94,0.027920374016719762,-0.010120607990017128,0.018728693550120745
2006-01-13,2481.22,1521.92,2124.06,-0.007460353973814726,-0.03172693280752803,0.0038301933617717054
2006-01-16,2497.42,1572.12,2196.69,0.006507824295333364,0.0324523313312719,0.033622330376392284
2006-01-17,2489.97,1552.02,2173.53,-0.002987536784238465,-0.012867718695508401,-0.010599107970718613
2006-01-18,2497.56,1541.37,2198.49,0.003043593064758987,-0.006885676929583973,0.011418187098596988
2006-01-19,2559.29,1595.2,2269.47,0.024415620998556875,0.034327488879086765,0.031775562983810346
2006-01-20,2618.82,1640.55,2331.63,0.02299395836674467,0.028032431241770794,0.027021269751100085
2006-01-23,2609.93,1624.34,2325.28,-0.0034004335897552807,-0.009929972034473877,-0.002727131911736791
2006-01-24,2631.21,1634.36,2352.17,0.0081204153811969,0.006149710976032452,0.01149784444022739
2006-01-25,2644.97,1659.86,2379.92,0.005215906658163405,0.015481971053693755,0.011728567337110363
2006-01-26,2658.02,1733.86,2390.52,0.004921761626292209,0.04361687545876425,0.004444041826494605
2006-01-27,2666.55,1802.85,2477.83,0.0032040173374445757,0.039018609163545825,0.03587226164138091
2006-01-30,2614.49,1756.2,2408.21,-0.019716452239035398,-0.026216362141012084,-0.028499444194546975
2006-01-31,2610.52,1727.39,2392.48,-0.0015196146089557772,-0.016540785143589254,-0.006553248092993513
2006-02-01,2616.31,1769.91,2437.92,0.002215492896576521,0.024317099035165768,0.018814731885511193
2006-02-02,2624.22,1757.44,2440.05,0.0030187809275057376,-0.007070493117974586,8.733141595280713e-4
2006-02-03,2619.65,1721.46,2402.29,-0.001742987967655374,-0.020685436741260332,-0.015596081805520967
2006-02-06,2617.49,1720.9,2457.24,-8.248777471964175e-4,-3.253581873714495e-4,0.022616319773417715
2006-02-07,2631.78,1743.94,2438.4,0.005444580027468504,0.01329951143651531,-0.007696682356142404
2006-02-08,2615.98,1719.99,2452.68,-0.00602163503758657,-0.01382844437027142,0.005839217749359804
2006-02-09,2639.83,1762.07,2488.32,0.009075732839663786,0.024170777452188652,0.014426479710223816
2006-02-10,2636.99,1754.71,2449.13,-0.001076405969585359,-0.004185653208564233,-0.015874924517613742
2006-02-13,2650.76,1735.2,2442.44,0.005208276158000125,-0.011180920568068409,-0.0027353198139659085
2006-02-14,2641.74,1745.89,2407.06,-0.003408600371574977,0.006141773756751512,-0.014591453852550451
2006-02-15,2651.24,1756.56,2422.15,0.003589664121598446,0.006092896691664684,0.00624948971489836
2006-02-16,2640.41,1808.22,2423.52,-0.004093246953629226,0.02898558500438675,5.654532960361891e-4
2006-02-17,2635.02,1885.35,2505.73,-0.0020434360329133483,0.041770544073488125,0.033359080452184386
2006-02-20,2644.61,1874.36,2586.73,0.0036328343262646,-0.005846212235259607,0.031814420514596264
2006-02-21,2642.37,1864.56,2551.19,-8.473647087869907e-4,-0.005242167493421768,-0.013834612781381317
2006-02-22,2636.94,1881.87,2617.84,-0.0020570877310870372,0.009240862997583754,0.025789633282879088
2006-02-26,2648.02,1901.64,2711.47,0.004193036932591099,0.010450708434858846,0.035141372986192465
2006-02-27,2663.9,1862.24,2696.04,0.005979023519724791,-0.020936607549050912,-0.0057068935158000045
2006-02-28,2652.51,1789.14,2624.61,-0.00428485290888414,-0.04004500673784506,-0.02685171615806059
2006-03-01,2667.18,1784.3,2679.43,0.005515372958808662,-0.0027088760184383887,0.02067177175741719
2006-03-02,2710.93,1813.99,2720.49,0.016270014966830892,0.01650265754334157,0.015207925807590783
2006-03-03,2753.81,1812.11,2784.62,0.015693657914509274,-0.0010369268185934644,0.02329940768518224
2006-03-06,2744.59,1811.21,2767.56,-0.003353706038741855,-4.96781967095572e-4,-0.0061453532449338155
2006-03-07,2717.84,1718.11,2615.32,-0.009794254146177295,-0.05277028076107104,-0.05657960461536771
2006-03-09,2697.79,1698.98,2574.03,-0.0074045278598244835,-0.01119677846168976,-0.015913696849406023
2006-03-10,2661.41,1685.04,2537.18,-0.01357686178122286,-0.00823876859517192,-0.014419536076479389
2006-03-13,2679.59,1737.78,2609.81,0.006807740203376156,0.03081913415754034,0.028224193708719092
2006-03-14,2643.6,1700.63,2548.71,-0.013522173130567694,-0.021609665905901743,-0.023690072934165585
2006-03-15,2685.83,1716.74,2583.21,0.015848180344676166,0.009428372895126103,0.013445462806235042
2006-03-16,2731.47,1725.81,2566.13,0.01685012085809845,0.005269361947736861,-0.006633884202093654
2006-03-17,2715.76,1802.28,2642.81,-0.005768085267928491,0.04335602453388532,0.02944381761214565
2006-03-20,2711.37,1767.6,2605.98,-0.0016177983418437236,-0.019429835748904445,-0.014033940955911817
2006-03-21,2710.58,1771.92,2562.27,-2.9140807480310116e-4,0.002441010162434587,-0.016915219737474452
2006-03-22,2682.92,1786.62,2605.98,-0.010256880502036658,0.008261862233615247,0.016915219737474452
2006-03-23,2700.69,1791.82,2638.52,0.00660154228675669,0.002906296408588638,0.012409349823167659
2006-03-24,2694.54,1808.2,2656.4,-0.0022797925811115505,0.009100012242042155,0.006753668785133726
2006-03-27,2720.56,1840.81,2656.6,0.00961023813401507,0.01787381682382172,7.528703184433994e-5
2006-03-28,2736.77,1827.1,2614.17,0.005940651444091394,-0.007475681709467885,-0.016100462198890497
2006-03-29,2720.04,1786.79,2591.07,-0.006131806831946918,-0.022309296552585955,-0.008875729706435465
2006-03-30,2726.28,1876.51,2763.19,0.002291456517576229,0.048992954765919805,0.06431489160031578
2006-03-31,2732.26,1868.09,2714.21,0.002191062955433587,-0.004497150131258287,-0.017884874426036035
2006-04-03,2685.19,1885.62,2741.04,-0.017377616596997214,0.00934016076941191,0.009836475443104398
2006-04-04,2688.41,1877.08,2725.51,0.0011984518331855654,-0.0045393013868073595,-0.005681843861306213
2006-04-05,2741.82,1933.32,2791.19,0.0196719926798119,0.029521354408595712,0.023812461628542003
2006-04-06,2718.09,1936.22,2805.79,-0.008692505707614373,0.0014988864531408908,0.005217111054719226
2006-04-07,2720.59,2013.02,2882.75,9.193407871324055e-4,0.03889846326617086,0.027059560418809525
2006-04-10,2768.17,2098.78,2923.76,0.01733768350384146,0.04172014150213332,0.014125759506384838
2006-04-11,2733.86,2082.09,2915.09,-0.012471922086541909,-0.007984026606008499,-0.002969765064042562
2006-04-12,2730.66,2149.55,2962.25,-0.0011711917481438405,0.03188632098300648,0.0160484206032816
2006-04-13,2742.67,2117.77,2893.93,0.004388560264228403,-0.01489486963691089,-0.023333674773074797
2006-04-14,2747.31,2133.34,2934.03,0.00169035264420625,0.00732517842234337,0.013761464675753565
2006-04-17,2718.11,2144.39,2989.09,-0.010685465283709839,0.0051663029586537235,0.01859208863591899
2006-04-18,2713.48,2174.58,3022.96,-0.0017048419050107455,0.01398041279421225,0.011267490567616889
2006-04-19,2714.67,2207.09,3060.84,4.384550976164192e-4,0.014839363336113465,0.01245290427636192
2006-04-20,2699.11,2214.12,3030.53,-0.005748309996276291,0.003180127578040981,-0.00995186638054335
2006-04-21,2713.91,2247.93,3060.83,0.005468310436551604,0.015154759396932782,0.009948599298194694
2006-04-24,2723.57,2354.92,3061.69,0.0035531202552840924,0.046496963858782436,2.809300763910727e-4
2006-04-25,2703.71,2356.04,3001.69,-0.00731861582422777,4.7548695853993905e-4,-0.019791587702545854
2006-04-26,2719.38,2385.78,3069.03,0.005779009240423072,0.012543871324312228,0.022186087372102037
2006-04-27,2700.41,2278,2963.1,-0.0070002998150870965,-0.0462282498732316,-0.035125533160833555
2006-04-28,2704.61,2345.39,3014.04,0.0015541111208987601,0.029153834345700957,0.017045353916318007
2006-05-02,2719.45,2453.06,3099.83,0.005471929524478725,0.0448845254516117,0.028065899761353208
2006-05-03,2714.09,2488.07,3083.05,-0.0019729317309273853,0.01417108470707884,-0.005427904535711292
2006-05-04,2706.4,2608.81,3116.31,-0.0028373837638984156,0.047386869136250453,0.010730242839212423
2006-05-05,2702.17,2642.12,3126.38,-0.0015641845672522692,0.012687446539298541,0.003226176130555203
2006-05-06,2693.65,2665.41,3171.33,-0.003158002706100227,0.008776266733617533,0.014275272547031648
2006-05-10,2712.54,2707.75,3073.06,0.006988314090618175,0.015760139795161443,-0.03147725040683369
2006-05-11,2666.27,2739,3045.88,-0.017204973354279396,0.011474858547231293,-0.008883950084136671
2006-05-12,2641.72,2566.63,2977,-0.009250271781466424,-0.06499913590574025,-0.022873775734203683
2006-05-15,2619.11,2398.53,2799.88,-0.008595654758663862,-0.06773770467605544,-0.06133952291373124
2006-05-16,2563.04,2448.9,2795.34,-0.021640511436181065,0.020782894444137945,-0.0016228141150307351
2006-05-17,2699.81,2390.25,2685.42,0.05198734619276557,-0.02424098115986517,-0.04011660469609257
2006-05-18,2603,2326.95,2600.82,-0.03651677415137389,-0.026839565787105002,-0.032010360389237213
2006-05-19,2551.62,2227.64,2517.25,-0.019936174438327292,-0.043615668078992975,-0.03265974410596062
2006-05-22,2472.77,1988.93,2263.95,-0.0313894718080423,-0.11334592342939853,-0.10605596052217692
2006-05-23,2427.98,2170.68,2493.33,-0.018279343835023276,0.08744367683148546,0.09650809112757663
2006-05-24,2458.43,2114.14,2405.35,0.01246329888754616,-0.026392372098587913,-0.03592374330421588
2006-05-25,2489.92,2273.97,2483.33,0.012727646627846312,0.07287909220836486,0.03190497832580785
2006-05-26,2544.41,2375.13,2635.72,0.0216482145680148,0.043524970201519686,0.05955598800997475
2006-05-29,2508.48,2331.89,2578.61,-0.014221803996222526,-0.018373075266309158,-0.02190589539009924
2006-05-30,2488.38,2266.15,2578.06,-0.008045095684831693,-0.028596741209452325,-2.133159585886446e-4
2006-05-31,2523.32,2193.02,2513.03,0.013943598418046932,-0.0328027670337363,-0.02554798168886485
2006-06-01,2523.95,2165.85,2557.29,2.4963990564064176e-4,-0.012466695218004809,0.01745890762236524
2006-06-02,2557.46,2274.82,2706.87,0.013189443790553312,0.0490880342903699,0.05684488180121772
2006-06-05,2573.56,2243.49,2720.89,0.006275575943429423,-0.01386823929075387,0.005166046833505078
2006-06-06,2546.1,2103.05,2550.38,-0.010727377729454979,-0.06464401710616308,-0.06471666499422923
2006-06-07,2484.21,2076.19,2488.96,-0.02460807510096341,-0.012854188722912774,-0.024377415130668822
2006-06-08,2473.03,1962.31,2270.58,-0.004510582079979564,-0.0564121325728415,-0.09182964708020425
2006-06-09,2435.85,1942.62,2307.21,-0.015148347883591207,-0.010084773287520221,0.01600369689208847
2006-06-13,2210.84,1730.15,2082.38,-0.09692323778576561,-0.11582946746005884,-0.1025275320077057
2006-06-14,2158.44,1838.46,2200.11,-0.02398679526556169,0.06072015470217362,0.054995888764942436
2006-06-15,2220.46,1944.97,2314.35,0.02832864308120442,0.05631828813143702,0.05062151146069649
2006-06-16,2181.8,1903.78,2291.55,-0.017564157445427497,-0.02140516931222347,-0.009900426077303237
2006-06-19,2237.73,1911.75,2316.24,0.02531173499857431,0.004177669467489764,0.010716736787148129
2006-06-20,2238.79,1960.1,2341.62,4.735821664203499e-4,0.024976439406894535,0.0108978162426423
2006-06-21,2282.74,1982.1,2322.55,0.019440934477007232,0.011161396372720844,-0.008177277528077731
2006-06-22,2282.59,1905.82,2295.84,-6.571266482513494e-5,-0.039244526564309545,-0.011566930381458285
2006-06-23,2258.53,1889.83,2292.7,-0.010596603981859687,-0.008425484221382007,-0.0013686272714794612
2006-06-26,2222.01,1950.68,2333.18,-0.016301967519479987,0.03169115180027937,0.01750198159573113
2006-06-27,2222.06,2073.99,2393.69,2.2501895785786985e-5,0.061296258458539477,0.025603964416317737
2006-06-28,2220.41,2125.61,2427,-7.428300363860885e-4,0.02458453181146858,0.013819818385935712
2006-06-29,2224.69,2182.09,2484.6,0.0019257165520043529,0.026224313116640197,0.023455754052974953
2006-06-30,2258.41,2300.47,2564.43,0.015043445792145782,0.05283031676196881,0.03162455090805505
2006-07-03,2289.75,2349.83,2614.65,0.013781615440053407,0.021229535228822982,0.01939401364135307
2006-07-04,2344.06,2392.09,2635.65,0.02344182735582656,0.017824475684786734,0.007999585543026377
2006-07-05,2349.69,2284.87,2535.08,0.002398935904129651,-0.04585833084990831,-0.03890463615927153
2006-07-06,2339.22,2379.53,2639.27,-0.004465864092543015,0.04059385924152359,0.040277169038743565
2006-07-07,2339.93,2382.82,2613.26,3.034739238740869e-4,0.0013816710335818883,-0.00990387969335238
2006-07-10,2394.65,2393.83,2638.57,0.02311606800440824,0.004609933530081989,0.009638619661179071
2006-07-11,2414.86,2392.47,2619.5,0.008404232013003998,-5.682886725040248e-4,-0.007253643871035109
2006-07-12,2407.57,2417.91,2646.99,-0.003023374337431939,0.010577225574812665,0.010439685509960661
2006-07-13,2383.18,2287.69,2551.62,-0.010182209768383466,-0.05536095582868672,-0.03669469380199697
2006-07-14,2367.03,2285.83,2548.32,-0.006799725581084992,-8.133779244632322e-4,-0.0012941330527667105
2006-07-17,2364.94,2211.61,2495.43,-8.833530795442357e-4,-0.03300843981833523,-0.02097325947811335
2006-07-18,2374.75,2223.59,2529.81,0.004139517144940541,0.005402249790606106,0.013683142061921671
2006-07-19,2362.02,2267.51,2579.7,-0.0053749836483243385,0.019559306265423793,0.019528911997681142
2006-07-20,2380.16,2254.3,2584.8,0.007650527174682509,-0.0058428096628100334,0.001975022425328099
2006-07-21,2357.42,2213.43,2579.66,-0.009599911617203638,-0.018296154912634144,-0.00199052822449719
2006-07-24,2346.83,2247.03,2607.09,-0.004502319344866557,0.015065995683596789,0.010577049491409696
2006-07-25,2339.19,2230.84,2607.41,-0.0032607657540584256,-0.007231148089243966,1.2273468229029305e-4
2006-07-26,2325.92,2279.4,2623.61,-0.005689055902506901,0.021534054279829462,0.006193840509464366
2006-07-27,2378,2394.86,2692.91,0.022144138572712357,0.049412523599991154,0.026071161306463253
2006-07-28,2370.07,2399.75,2668.19,-0.0033403076927465136,0.0020397912220202485,-0.009222053382726081
2006-07-31,2360.49,2386.19,2655.34,-0.004050265971208056,-0.0056666135742853285,-0.004827633152015842
2006-08-01,2376.68,2387.4,2640.25,0.006835331235899744,5.069559915762412e-4,-0.005699097114093554
2006-08-02,2371.76,2441.63,2688.8,-0.0020722602625902198,0.022460941378617427,0.018221387784311815
2006-08-03,2377.67,2456.37,2708.77,0.0024887209835338098,0.006018801346483471,0.007399659891880184
2006-08-04,2389.34,2477.3,2762.87,0.0048961606177195804,0.008484607020692536,0.019775337206104027
2006-08-07,2400.62,2441.45,2749.38,0.004709860145724498,-0.014577132328316367,-0.004894562812413739
2006-08-08,2422.08,2431.7,2730.15,0.0088996378137427,-0.004001523864401335,-0.00701887897194009
2006-08-09,2435.12,2456.47,2769.69,0.0053693614957719404,0.010134758822660572,0.014378847836690412
2006-08-10,2435.46,2421.94,2761.61,1.396137628590921e-4,-0.014156488145435908,-0.002921557589440127
2006-08-11,2444.13,2483.49,2804.19,0.0035535809867965895,0.02509595707266321,0.0153008842294442
2006-08-14,2445.84,2470.79,2776.1,6.993908223176248e-4,-0.005126891422485791,-0.010067662168585123
2006-08-15,2463.59,2485.54,2772.35,0.007231013515599294,0.005952002205195761,-0.0013517290670330695
2006-08-16,2499.69,2492.83,2777.21,0.014547088463509716,0.0029286715172220923,0.0017514906559892296
2006-08-17,2526.23,2474.34,2733.17,0.010561348646000113,-0.007444917489586977,-0.01598471892038411
2006-08-18,2550.94,2354.3,2643.94,0.00973384586338888,-0.04973025042334189,-0.033191878876679404
2006-08-21,2545.47,2366.46,2685.77,-0.0021466099079354706,0.005151724253773082,0.015697236403882542
2006-08-22,2557.41,2405.62,2728.86,0.004679718821630985,0.01641249896923469,0.015916474321195473
2006-08-23,2568.78,2426.96,2753.55,0.004436050417723436,0.008831778764296416,0.009007048695163
2006-08-24,2554.89,2383.37,2728.36,-0.005421908135033071,-0.01812399282122268,-0.009190292178621995
2006-08-25,2563.8,2380,2760.04,0.0034813630046022226,-0.0014149648514658608,0.011544476293653183
2006-08-28,2603.94,2395.54,2737.97,0.015535149710312446,0.006508187493617257,-0.008028402474281826
2006-08-29,2614.68,2370.7,2707.31,0.004116036485840802,-0.010423404989950313,-0.0112612479113805
2006-08-30,2686.06,2386.45,2692.14,0.026933716808648533,0.006621635873543141,-0.005619105618245079
2006-08-31,2661.2,2356.51,2673.74,-0.00929828701510349,-0.012625195106365616,-0.006858175031722702
2006-09-01,2703.73,2328.73,2651.41,0.015855152238566816,-0.011858656355888897,-0.008386667374167267
2006-09-04,2665.38,2345.72,2661.71,-0.014285664553017163,0.007269336421256156,0.003877199424460187
2006-09-05,2728.09,2373.23,2685.84,0.023255094068218796,0.011659505462473518,0.009024754803418134
2006-09-06,2689.86,2342.88,2611.75,-0.014112582989649347,-0.012870954657258515,-0.02797303346026414
2006-09-07,2692.95,2260.4,2547.08,0.0011480993530961214,-0.035839153051258066,-0.025072889730053838
2006-09-08,2682.7,2242.31,2559.45,-0.0038134969434162613,-0.008035204279597252,0.004844786653820599
2006-09-11,2662.47,2158.84,2459.06,-0.007569486692964311,-0.03793554409095723,-0.04001322856020284
2006-09-12,2717.55,2183.93,2476.18,0.02047647574156297,0.011554965683957086,0.006937886980780128
2006-09-13,2716.44,2208.66,2495.08,-4.0853958709519134e-4,0.011259990705769773,0.007603742737871677
2006-09-14,2749.88,2205.94,2499.7,0.012235074841852267,-0.0012322748807109818,0.0018499318558831135
2006-09-15,2756.7,2206.3,2476.44,0.0024770378300615903,1.6318242017554496e-4,-0.009348679661683512
2006-09-18,2774.32,2239.39,2502.55,0.006371359932098919,0.01488660301997502,0.010488167015725303
2006-09-19,2788.8,2259.54,2524.71,0.005205723658709083,0.008957745391980687,0.008815992618616875
2006-09-20,2754.99,2217.13,2492.75,-0.012197582949394992,-0.018947686030271527,-0.012739685919472166
2006-09-21,2858.05,2194.71,2451.07,0.03672576127199445,-0.010163647366174366,-0.01686185481709046
2006-09-22,2850.37,2127.04,2380.51,-0.002690763690734954,-0.03131857747661826,-0.02920991346791002
2006-09-25,2803.18,2067.46,2292.2,-0.016694323384196963,-0.02841054118001196,-0.037802695361302874
2006-09-26,2731.16,2130.88,2373.03,-0.02602805965753152,0.030214239249052532,0.034655564518283555
2006-09-27,2717.37,2185.15,2420.46,-0.005061926591282351,0.025149436136720382,0.019789985151060563
2006-09-28,2731.31,2240.32,2502.12,0.005116846801384689,0.024934236729854398,0.03318076777548651
2006-09-29,2725.17,2273.65,2472.76,-0.0022505360934328422,0.014767756867435367,-0.011803436815179147
2006-10-02,2725.65,2267.87,2492.21,1.761202906136461e-4,-0.0025454046754207482,0.007834931327526107
2006-10-03,2726.41,2214.02,2418.1,2.7879370547001514e-4,-0.024031197329398957,-0.030187759207225717
2006-10-04,2703.36,2216.47,2413.34,-0.008490281710967551,0.0011059725898183714,-0.001970427673774644
2006-10-05,2700.56,2294.87,2496.84,-0.0010362848637930355,0.03476035676882283,0.03401425219571497
2006-10-06,2702.29,2288.01,2481.37,6.40402772287274e-4,-0.002993752890581014,-0.006215105348026384
2006-10-09,2712.1,2315.92,2578.9,0.003623680870657786,0.012124572662442823,0.038552124424238166
2006-10-10,2719.83,2348.03,2546.59,0.0028461358000066994,0.013769661915758569,-0.012607742083444506
2006-10-11,2697.48,2371.46,2555.74,-0.008251374504507858,0.009929120515839607,0.0035866005564404446
2006-10-12,2715.2,2408.09,2531.67,0.006547611647632401,0.015328102932000931,-0.009462645867107433
2006-10-13,2749,2458.78,2603.82,0.012371593685283955,0.02083138980509336,0.02810043349870206
2006-10-16,2740.29,2466.73,2607.97,-0.0031734549676665225,0.0032280949195691022,0.0015925433976047287
2006-10-17,2749.11,2446.71,2618.46,0.003213468717851775,-0.008149121914939883,0.004014217768636641
2006-10-18,2748.39,2487.59,2666.02,-2.619372456997837e-4,0.016570105327484264,0.018000364904448674
2006-10-19,2750.69,2510.46,2667.31,8.365036093733735e-4,0.009151632984010227,4.8375031177805283e-4
2006-10-20,2765.75,2484.26,2616.1,0.005460056635915755,-0.010491174803629377,-0.019385814751584185
2006-10-23,2782.71,2489.27,2579.3,0.006113427084947887,0.0020146663213376215,-0.01416661487331261
2006-10-24,2788.71,2494.52,2568.18,0.0021538503001155007,0.0021068311232808057,-0.004320567461500779
2006-10-25,2808.18,2513.75,2623.63,0.0069574633552393905,0.007679336179105434,0.021361378212760407
2006-10-26,2790.57,2491.39,2625.56,-0.006290710631264851,-0.00893487445042318,7.353515826133972e-4
2006-10-27,2759.96,2489.24,2609.73,-0.011029689171506263,-8.633446505941222e-4,-0.006047438917002879
2006-10-30,2744.58,2452.12,2546.4,-0.005588129079932003,-0.015024486486138855,-0.024566170721851854
2006-10-31,2735.55,2493.56,2595.32,-0.0032955452416683073,0.016758451759635307,0.019029226095062413
2006-11-01,2746.07,2514.92,2635.63,0.00383828609624004,0.008529585623447744,0.015412419519313936
2006-11-02,2742.96,2473.06,2591.15,-0.001133169369738951,-0.01678474362576754,-0.017020449990348574
2006-11-03,2761.08,2492.91,2621.92,0.006584278261989596,0.007994452531844054,0.011805081206002654
2006-11-07,2771.6,2533.31,2654.65,0.003802863233784315,0.016076045248714088,0.01240594544622109
2006-11-08,2744.31,2523.23,2639.99,-0.009895093527572563,-0.003986921235568097,-0.0055376899897350285
2006-11-09,2752.38,2547.87,2701.88,0.002936314690571429,0.009717889180294037,0.023172697732520398
2006-11-10,2752.95,2541.29,2732.02,2.0707205636583126e-4,-0.002585889878333525,0.011093435321181566
2006-11-13,2759.94,2492.52,2732.49,0.0025358763718719146,-0.019377579227954023,1.7201908356234696e-4
2006-11-14,2763.76,2498.2,2718.19,0.0013831310929219853,0.0022762256557911087,-0.005247063782341854
2006-11-15,2762.14,2481.76,2721.99,-5.863298454222843e-4,-0.006602486655368445,0.0013970128260538672
2006-11-16,2773.85,2509.64,2718.76,0.0042305052807734,0.011171330668033441,-0.0011873364442269718
2006-11-17,2762.23,2467.82,2661.26,-0.00419792237991512,-0.016804146728408575,-0.02137619915782807
2006-11-20,2793.35,2472.24,2617.18,0.011203267884510204,0.0017894524274826296,-0.01670229262148215
2006-11-21,2794.29,2495.25,2669.59,3.364568973189819e-4,0.009264302323147788,0.019827500338776893
2006-11-22,2795.11,2500.33,2644.46,2.9341253296699676e-4,0.0020337985783633883,-0.009458016891628951
2006-11-23,2829.97,2518.78,2670.68,0.012394649066764352,0.0073519341489776124,0.009866235957383118
2006-11-24,2824.46,2511.68,2679.29,-0.0019489150078921824,-0.0028228053555876542,0.0032187124164719805
2006-11-27,2827.72,2555.38,2678.58,0.0011535373471804888,0.0172490886247898,-2.650306947185044e-4
2006-11-28,2810.41,2542.18,2681.19,-0.006140353056029113,-0.005178959935252969,9.739224654436995e-4
2006-11-29,2807.58,2558.71,2755.26,-0.0010074778486162117,0.0064812445922006745,0.027251086196213414
2006-11-30,2808.77,2577.82,2749.83,4.2376277041444865e-4,0.007440855274200686,-0.001972720431804298
2006-12-01,2802.48,2589.67,2738.92,-0.0022419256438697133,0.004586373954040823,-0.003975409471503433
2006-12-04,2834.49,2604.4,2753.4,0.01135728736349062,0.00567186791427865,0.0052728295323705154
2006-12-05,2829.78,2617.75,2815.2,-0.0016630566994724205,0.005112847804864984,0.02219679537853203
2006-12-06,2850.84,2627.42,2854.34,0.007414717578844154,0.0036872059268597823,0.013807335978015978
2006-12-07,2868.37,2607.8,2839.64,0.006130236482936979,-0.0074954221050598235,-0.005163359428318692
2006-12-08,2854.4,2605.48,2836.83,-0.00488226077567866,-8.900347394158459e-4,-9.900519969390231e-4
2006-12-11,2871.92,2591.03,2806.95,0.006119132241259706,-0.005561439213773056,-0.010588746968226204
2006-12-12,2859.17,2602.86,2798.81,-0.0044494227222715566,0.0045553604166919115,-0.002904157766709048
2006-12-13,2840.19,2578.26,2772.35,-0.006660421578774667,-0.009496087664392583,-0.009498990859595935
2006-12-14,2864.74,2605.21,2798.03,0.008606644268565944,0.010398533353289885,0.009220262146590663
2006-12-15,2882,2636.45,2821.58,0.006006901964997979,0.011920029112606478,0.008381413607606802
2006-12-18,2888.85,2633.37,2810.31,0.0023740014788637964,-0.0011689205136811154,-0.004002214192145637
2006-12-19,2892.28,2605.14,2757.59,0.0011866193641978384,-0.010777978195019244,-0.01893768767332027
2006-12-20,2936.71,2608.62,2777.4,0.015244788709855683,0.0013349293089017777,0.007158128410946318
2006-12-21,2941.56,2590.84,2802.31,0.00165014574034128,-0.0068391984184366095,0.008928838772571446
2006-12-22,2957.36,2596.65,2785.59,0.005356925601264884,0.002240005254704691,-0.005984376921237988
2006-12-25,2964.08,2581.36,2767.37,0.002269719151054339,-0.005905760877392474,-0.006562289440196878
2006-12-26,2937.54,2580.12,2774.86,-0.008994201224064469,-4.8048235151743057e-4,0.0027028847810006695
2006-12-27,2981.9,2622.14,2789.51,0.014988184840831309,0.016154868791733,0.005265657693581005
2006-12-28,3019.26,2650.81,2810.67,0.012451087009003103,0.010874475399338834,0.007556935919586394
2006-12-29,3061.27,2645.97,2837.49,0.013818094293110761,-0.0018275259108637698,0.009496969483787865
2007-01-09,2962.3,2515.56,2627.3,-0.0328638689080023,-0.05054228497835478,-0.07696315568326018
2007-01-10,2949.64,2542.98,2627.13,-0.004282864627104921,0.010841178900700577,-6.470730414509518e-5
2007-01-11,2966.82,2567.05,2640.2,0.005807543120917913,0.009420758006826624,0.0049626762796917134
2007-01-12,3004.52,2564.54,2628.66,0.012627149323734876,-9.782543812617561e-4,-0.004380461220407028
2007-01-15,2995.7,2628.51,2731.27,-0.0029398943214040685,0.024638020413417117,0.038292491845299814
2007-01-16,3056.41,2595.18,2672.53,0.020063097479050995,-0.012761267347217498,-0.021741113191016126
2007-01-17,3021.35,2594.83,2624.34,-0.011537273238268142,-1.3487449948268448e-4,-0.01819615343970238
2007-01-18,3062.67,2604.82,2636.16,0.01358333316357907,0.0038425710546485803,0.004493876966828125
2007-01-19,3057.77,2609.97,2648.56,-0.0016011924132541822,0.001975152086383325,0.0046927832529553015
2007-01-22,3083.19,2675.03,2679.43,0.008278883168170381,0.024621868222685528,0.011587989256125475
2007-01-23,3078.17,2730.34,2645.5,-0.001629510728411887,0.02046554832833003,-0.012744001972555985
2007-01-24,3046.95,2731.53,2642.04,-0.01019417427506042,4.3574820302527684e-4,-0.0013087373311053696
2007-01-25,3045.43,2758.65,2664.51,-4.989839870574997e-4,0.009879537861253063,0.008468829766066222
2007-01-26,3028.79,2740.33,2656.93,-0.0054789064688200995,-0.006663078526847777,-0.0028488548688292425
2007-01-29,3015,2710.53,2613.48,-0.004563369650709248,-0.010934163378487405,-0.01648865435979996
2007-01-30,3017.25,2725,2618,7.459903367212917e-4,0.005324240389580126,0.0017280009193267887
2007-01-31,3035.01,2748.53,2606.08,0.00586889888307951,0.008597795188372004,-0.004563490867905529
2007-02-01,3074.74,2826.8,2641.34,0.013005625439209467,0.02807910653098311,0.013439187522996221
2007-02-02,3092.21,2851.75,2644.24,0.005665700786439132,0.00878751109130782,0.0010973252853974103
2007-02-05,3104.36,2859.01,2678.36,0.003921529352728825,0.0025425701346648566,0.012820977484177654
2007-02-06,3159.71,2881.29,2688.29,0.017672676258273512,0.007762699469260781,0.0037006368339183027
2007-02-07,3149.42,2881.77,2669.71,-0.0032619423356408106,1.665781723980686e-4,-0.006935451465296616
2007-02-08,3120.73,2821.89,2602.01,-0.00915136008732631,-0.020997815478490445,-0.02568562900052651
2007-02-09,3137.83,2873.47,2603.3,0.005464529397183782,0.018113485457770473,4.956477237323398e-4
2007-02-12,3115,2813.97,2525.85,-0.007302325970401924,-0.020924061026915908,-0.03020223126191013
2007-02-13,3114.66,2872.66,2554.69,-1.0915523490417911e-4,0.020642132144219616,0.011353245828138903
2007-02-14,3126.07,2921.63,2568.08,0.00365662757835139,0.01690324991312675,0.0052276524200260965
2007-02-15,3134.9,2917.16,2556.9,0.00282065106663687,-0.0015311394563886083,-0.0043629507762315
2007-02-16,3152.82,2952.28,2576.37,0.0057000147966590475,0.01196721293315317,0.007585844253946483
2007-02-19,3192.55,2958.9,2574.65,0.012522680062881264,0.0022398244572512382,-6.678289208457144e-4
2007-02-20,3205.67,2942.09,2542.76,0.0041011463779643265,-0.005697364500184321,-0.01246349728151408
2007-02-21,3203.61,2994.71,2563,-6.428179361606112e-4,0.017727185686793767,0.0079283421161227
2007-02-22,3237.28,3035.81,2618.97,0.010455172097904253,0.013630876397305869,0.0216026633243116
2007-02-26,3249.08,3073.15,2649.06,0.00363840829598594,0.01222481896283334,0.011423749383803639
2007-02-27,3205.35,2971.33,2560.73,-0.0135505905662896,-0.03369343016787152,-0.033912485997894315
2007-02-28,3097.23,2912.07,2502.31,-0.03431312512677209,-0.020145495517738254,-0.023078068843219057
2007-03-01,3039.07,2841.62,2395.67,-0.01895661608956445,-0.02448985642782553,-0.043551364030566475
2007-03-02,3064.78,2838.73,2397.99,0.008424241109599606,-0.0010175430208905212,9.679452364732555e-4
2007-03-05,2956.79,2738.71,2304.52,-0.03587156824683024,-0.035869762440564834,-0.0397584746419124
2007-03-06,3022.22,2776.68,2334.56,0.02188744024646727,0.013768962802102713,0.012951024720645243
2007-03-07,3033.24,2759.97,2347.62,0.003639694479199207,-0.00603615931511392,0.005578612471077271
2007-03-09,3076.41,2847.59,2410.9,0.014131977597529044,0.031253212407472475,0.02659807276846493
2007-03-12,3116.29,2841.99,2383.55,0.012879858965812119,-0.0019685114923602143,-0.011409148776382771
2007-03-13,3133.6,2862.55,2406.68,0.005539311655599732,0.0072083249568359875,0.009657231390749033
2007-03-14,3055.32,2793.67,2331.12,-0.02529816991392586,-0.02435669235372906,-0.031899365607436
2007-03-15,3135.25,2835.51,2390.54,0.02582458226646267,0.014865671557605431,0.025170443065046122
2007-03-16,3129.95,2855.55,2392.26,-0.0016918857384471409,0.007042653857178394,7.192439885210788e-4
2007-03-19,3147.97,2890.36,2417.51,0.005740770665944694,0.012116592802735582,0.010499559007795867
2007-03-20,3146.18,2891.04,2385.34,-5.687821384174896e-4,2.3523714087758663e-4,-0.013396413009490793
2007-03-21,3162.03,2898.14,2432.85,0.005025207897205064,0.0024528529290002155,0.019721737787751437
2007-03-22,3190.41,2942.67,2455.79,0.008935208775373127,0.01524818057475752,0.009385092123480376
2007-03-23,3214.21,2960.67,2517.93,0.007432169138390066,0.006098261588577181,0.024988633651436665
2007-03-26,3198.2,2970.75,2536.45,-0.004993452778865759,0.0033988521142802597,0.0073283302338778
2007-03-27,3218.98,2964.11,2504.84,0.0064763876445042,-0.0022376274319952927,-0.01254060538704671
2007-03-28,3243.15,2985.95,2542.44,0.0074805405368234545,0.007341135411690125,0.014899389600643076
2007-03-29,3308.45,3012.45,2579.59,0.019934722042462383,0.008835747000967231,0.014506221734498226
2007-03-30,3333.18,3010.8,2557.34,0.007447001500908712,-5.478769904208036e-4,-0.008662815784762579
2007-04-02,3331.7,2999.47,2559.95,-4.4411903119723206e-4,-0.0037702177841900664,0.0010200712589352179
2007-04-03,3312.41,3022.58,2515.33,-0.005806663104792165,0.007675164917985811,-0.01758371938300929
2007-04-04,3332.61,3052.27,2494.79,0.0060797596461164005,0.009774804776530033,-0.008199450343268744
2007-04-05,3332.43,3071.21,2513.83,-5.4013179228817876e-5,0.006186044666849355,0.007602929236570688
2007-04-06,3336.53,3073.79,2519.95,0.0012295771804158306,8.397071282661983e-4,0.002431573495623951
2007-04-09,3348.04,3086.35,2525.65,0.003443755207944932,0.004077835050741996,0.0022593952849261356
2007-04-10,3331.34,3123.85,2506.35,-0.0050004745345404444,0.012077052525325982,-0.007670943815451636
2007-04-11,3354.66,3142.81,2512.86,0.006975798553980894,0.006051088730751886,0.0025940351770472603
2007-04-12,3351.24,3097.07,2494.94,-0.0010199974042315318,-0.014660800936301399,-0.007156865885042052
2007-04-13,3372.23,3114.06,2544.34,0.006243819989299126,0.0054708377947214615,0.019606603528417033
2007-04-16,3423.44,3108.54,2573.96,0.015071646909968095,-0.0017741784617193446,0.011574284691100445
2007-04-17,3427.96,3076.1,2549.92,0.0013194385543808806,-0.010490601719308046,-0.009383582908460752
2007-04-18,3445.44,3053.53,2519.03,0.005086285589197104,-0.007364262443880776,-0.0121880793417386
2007-04-19,3403.75,2997.53,2464.13,-0.012173852639383753,-0.01850968221427962,-0.022035102767660852
2007-04-20,3431.28,3036.11,2539.25,0.00805560440104891,0.012788474551349793,0.03002995781768636
2007-04-23,3458.96,3024.12,2525.75,0.008034596445439135,-0.003956950691444305,-0.005330713511768614
2007-04-24,3458.62,2964.31,2515.04,-9.830027271817698e-5,-0.019975849710720972,-0.00424934032791402
2007-04-25,3460.27,2953.25,2521.03,4.769551275654038e-4,-0.003738031512425799,0.002378840176853636
2007-04-26,3437.67,2930.84,2494.1,-0.006552704391859621,-0.0076171874852795085,-0.010739605489678006
2007-04-27,3405.66,2867.26,2422.87,-0.009355162897824343,-0.021932201442405486,-0.02897515478682955
2007-04-28,3429.14,2893.27,2449.98,0.006870747459654325,0.009030480444844002,0.011127073359872952
2007-05-02,3452.42,2872.06,2404.48,0.00676593354093491,-0.0073578080309921745,-0.0187461972945977
2007-05-03,3447.46,2907.61,2422.43,-0.001437706410650108,0.01230189555239214,0.007437504633047709
2007-05-04,3467.66,2917.66,2432.43,0.0058422868890293245,0.003450487263648938,0.004119589089080833
2007-05-07,3484.63,2940.78,2421.99,0.004881854382690065,0.00789292713689349,-0.004301241382322019
2007-05-08,3464.16,2889.05,2405.82,-0.005891690269205441,-0.017747123924607422,-0.006698714516942594
2007-05-10,3453.37,2867.32,2362.71,-0.003119613142459343,-0.007549932759738809,-0.018081536462009495
2007-05-11,3423.83,2830.19,2312.23,-0.008590758353269834,-0.013033948390555494,-0.02159683849318128
2007-05-14,3380.21,2854.57,2306.86,-0.012821969771763975,0.008577371594291172,-0.0023251343529979707
2007-05-15,3361.26,2831.93,2256.7,-0.005621934062256528,-0.00796276079311653,-0.02198372328235987
2007-05-16,3380.03,2873.54,2291,0.005568681514995788,0.01458626116315287,0.015084834275630676
2007-05-17,3351.71,2834.99,2278.33,-0.008413921831154525,-0.013506309338385591,-0.005545685022416258
2007-05-18,3364.26,2847.67,2319.25,0.003737364701773771,0.004462706213041123,0.017801139102301633
2007-05-21,3357.89,2853.13,2330.33,-0.0018952275407997377,0.0019155212143893152,0.004766030898943896
2007-05-22,3364.7,2837.8,2336.73,0.002026005551257981,-0.005387533172988235,0.0027426276978381736
2007-05-23,3338.54,2774.85,2272.24,-0.00780522040346554,-0.02243241240770466,-0.027986387065161544
2007-05-24,3307.56,2743.39,2252.28,-0.00932282824079067,-0.01140230973974976,-0.008823092608841954
2007-05-25,3300.17,2724.48,2246.04,-0.0022367751349143816,-0.006916797726025159,-0.0027743708773542153
2007-05-28,3263.34,2718.53,2205.43,-0.011222771523947017,-0.0021862911771313165,-0.018246164372229146
2007-05-29,3199.87,2657.64,2162.93,-0.019641026792678318,-0.022652782102848157,-0.01945871723673953
2007-05-30,3199.28,2642.68,2152.32,-1.8439949108106646e-4,-0.00564495718208935,-0.0049174538579856986
2007-05-31,3223.98,2720.68,2221.72,0.007690836661812028,0.029088295307586165,0.0317353405462093
2007-06-01,3252.49,2801.71,2288.4,0.008804235690568873,0.029348095993681156,0.02957121273631369
2007-06-04,3239.11,2775.83,2266.48,-0.00412225613013284,-0.009280143480515868,-0.009624916230650982
2007-06-05,3244.79,2781.11,2269.45,0.0017520324042497037,0.0019003270105297787,0.0013095442056814122
2007-06-06,3227.61,2763.81,2262.16,-0.005308707851108707,-0.00623996599929022,-0.003217402331022967
2007-06-07,3209.39,2741.32,2235.12,-0.005661037333702268,-0.008170606367876587,-0.012025191156869397
2007-06-08,3214.45,2746.51,2234,0.001575382028974559,0.0018914585719009835,-5.012172523652936e-4
2007-06-09,3230.88,2753.6,2238.66,0.005098275988331125,0.0025781316835953305,0.002083771932667844
2007-06-13,3242.22,2777.09,2246.79,0.003503734408850434,0.00849447039890272,0.0036250583121235636
2007-06-14,3271.03,2867.67,2313.1,0.00884663966414756,0.03209623648159976,0.029086085318317245
2007-06-15,3253.31,2913.27,2335.01,-0.005431980421349181,0.015776308276961082,0.009427557556818122
2007-06-18,3258.2,2984.63,2348.72,0.001501956049906994,0.024199624430315758,0.005854325145565831
2007-06-19,3267.09,2962.53,2339.2,0.002724784798923352,-0.007432153070662473,-0.004061508339179731
2007-06-20,3358.01,3002.39,2376.19,0.02744885616513315,0.01336500517207373,0.01568937405990578
2007-06-21,3365.78,2977.98,2331.7,0.0023111975414789043,-0.008163419841785924,-0.018900749360417635
2007-06-22,3374.43,2974.92,2332.43,0.0025666870168024047,-0.0010280704428149434,3.130272981071158e-4
2007-06-25,3364.82,2947.88,2297.87,-0.0028519513339535507,-0.009130879944224901,-0.01492803567579326
2007-06-26,3347.68,2974.05,2320.86,-0.005106901229511962,0.00883839233504169,0.009955199749830612
2007-06-27,3348.36,2940.9,2293.19,2.0310511954590993e-4,-0.011209003316891675,-0.011993945321018273
2007-06-28,3358.73,2953.64,2309.37,0.0030922526052812316,0.004322651076273054,0.007030898740192804
2007-06-29,3363.6,2943.7,2305.39,0.0014489026429753693,-0.0033710145295886562,-0.0017249005308199727
2007-07-02,3404.47,2991.15,2326.17,0.01207744505880548,0.01599063534133549,0.008973278736817747
2007-07-03,3453.02,3066.32,2359.73,0.014159936420540475,0.02482021667705503,0.014324067442776034
2007-07-04,3434.13,3089.66,2345.47,-0.005485591970366244,0.007582906974462844,-0.006061397458123174
2007-07-05,3446.82,3143.3,2392.31,0.003688448364517427,0.01721215097396822,0.01977361809863165
2007-07-06,3456.65,3148.56,2410.63,0.002847845110828473,0.0016720019915883455,0.007628697775687421
2007-07-09,3491.4,3188.18,2434.02,0.010002889947610782,0.012505015606810943,0.009656087329346974
2007-07-10,3472.72,3133.6,2389.33,-0.005364653337414538,-0.017267717696073603,-0.018531219544184907
2007-07-11,3497.65,3144.37,2407.82,0.007153165843700293,0.0034310487515725185,0.007708781907766138
2007-07-12,3512.74,3270.29,2497.34,0.004305045312960942,0.03926511387111198,0.03650439160229091
2007-07-13,3507.91,3262.39,2517.6,-0.0013759411912062092,-0.0024186103868668596,0.008079901343742257
2007-07-16,3498.35,3237.85,2540.7,-0.002728989770028889,-0.007550526314798134,0.009133566845465957
2007-07-17,3506.89,3204.03,2534.96,0.002438176059818886,-0.01050013683234674,-0.0022617757875735833
2007-07-18,3495.63,3180.8,2494.7,-0.0032159878743023285,-0.007276654978038977,-0.01600937633289856
2007-07-19,3514.79,3241.11,2566.2,0.005466162571336142,0.018783126245269344,0.028257723985726457
2007-07-20,3503.06,3228.58,2547.28,-0.0033429072788937475,-0.0038734516387286533,-0.00740008226886868
2007-07-23,3509.75,3262.18,2553.65,0.0019079376254111935,0.010353271460386892,0.002497585072251951
2007-07-24,3516.22,3222.97,2484.11,0.0018417390990439486,-0.01209238885511077,-0.027609261777564065
2007-07-25,3478.06,3238.86,2498.85,-0.010911881891832564,0.004918121346063842,0.005916179537098998
2007-07-26,3464.89,3172.1,2418.23,-0.003793780970930527,-0.020827586911128293,-0.032794758438882354
2007-07-27,3438.1,3122.4,2383.75,-0.007761892890256306,-0.01579189224260169,-0.014360989670324287
2007-07-30,3401.25,3083.45,2385.79,-0.010775982100629022,-0.01255283690604081,8.554284582569238e-4
2007-07-31,3419.87,3165.22,2418.78,0.0054595275408253485,0.026173463470746228,0.01373297442906285
2007-08-01,3394.98,3124.36,2360.89,-0.007304668679038784,-0.012993101234993532,-0.024224614229588326
2007-08-02,3446.04,3166.21,2385.98,0.014927875722319683,0.013305826798751141,0.01057127482069653
2007-08-03,3468.21,3195.62,2387.96,0.006412865018790015,0.009245833199015507,8.295035603849144e-4
2007-08-06,3434.03,3143.02,2347.25,-0.0099041121133574,-0.016597001069442285,-0.017195014814785026
2007-08-07,3460.91,NA,2354.92,0.007797061665163696,NA,0.003262326458849607
2007-08-08,3511.42,3151.66,2407.14,0.014488953800624316,0.0027451770148498866,0.021932564183362757
2007-08-09,3482.15,3039.89,2344.02,-0.008370594962102018,-0.03610796760421486,-0.02657191669715875
2007-08-10,3440.67,3038.93,2309.53,-0.011983699246092883,-3.158507762961449e-4,-0.01482336347278057
2007-08-13,3483.74,2969.91,2375.28,0.012440209477409425,-0.022973830451484822,0.028071284645615258
2007-08-14,3465.03,3011.47,2366.66,-0.005385138726817118,0.013896682313810693,-0.00363564680062467
2007-08-15,3406.86,2934,2313.84,-0.016930244648188264,-0.026061651918180218,-0.022571196431686147
2007-08-16,3324.08,2858.36,2265.09,-0.024598101872580713,-0.02611864593435076,-0.02129398879718014
2007-08-17,3371.01,2908.37,2325.48,0.014019458634038529,0.01734475300432603,0.026311976099103518
2007-08-20,3341.31,2871.15,2296.04,-0.008849457065261745,-0.01288014041267349,-0.012740569435667481
2007-08-21,3296.24,2851.52,2266.36,-0.013580520730767986,-0.006860460935874002,-0.013010879665124264
2007-08-22,3309.45,2910.46,2299.64,0.003999587510069347,0.0204589588499271,0.014577568701938937
2007-08-23,3303.77,2954.66,2287.61,-0.0017177717954890426,0.015072440724438252,-0.005244984502097871
2007-08-24,3312.48,2971.72,2287.19,0.002632912913400176,0.005757324749225745,-1.8361458476068293e-4
2007-08-27,3321.37,3003.97,2318,0.002680194855697593,0.010793837401791073,0.013380755059250404
2007-08-28,3328.81,2989.49,2298.05,0.0022375343536769066,-0.004831942875348716,-0.008643807677220394
2007-08-29,3329.89,2976.3,2300.05,3.2438764607789494e-4,-0.004421885950421256,8.699245889074447e-4
2007-08-30,3322.67,2980,2288.78,-0.002170593826958722,0.0012423821754836695,-0.004911937317086945
2007-08-31,3343.84,3089.24,2341.29,0.0063511706010466185,0.036001805447968493,0.02268313500860586
2007-09-03,3352.8,3101.49,2340.02,0.0026759704409204943,0.003957535214222929,-5.425831791345814e-4
2007-09-04,3377.31,3091.32,2329.15,0.007283717014937352,-0.0032844570211381097,-0.004656082189187671
2007-09-05,3388.68,3089.61,2331.93,0.0033609303894390763,-5.53314806550631e-4,0.001192856732619596
2007-09-06,3393.06,3113.39,2350.51,0.00129170407860002,0.00766729533998145,0.007936075001889087
2007-09-07,3374.35,3079.15,2296.8,-0.005529455928135363,-0.011058579820128145,-0.02311547606223474
2007-09-10,3366.64,3077.95,2306.12,-0.0022874988279113495,-3.897939014123608e-4,0.004049608829530094
2007-09-11,3378.19,3084.98,2314.05,0.0034248487477750444,0.002281383383907709,0.003432777489673633
2007-09-12,3324.08,3061.8,2299.51,-0.016147119011154842,-0.0075421960383206255,-0.006303179384063995
2007-09-13,3324.53,3135.29,2343.9,1.3536664075353144e-4,0.023718695478050833,0.019120151928813556
2007-09-14,3310.41,3107.99,2335,-0.0042562619454624695,-0.008745458796887817,-0.003804317567809967
2007-09-17,3292.99,3088.74,2313.69,-0.0052760821425597015,-0.006212974237211455,-0.009168238480215862
2007-09-18,3289.56,3115.07,2334.08,-0.001042149413354565,0.008488383137244426,0.008774156557478818
2007-09-19,3289.93,3271.32,2395.7,1.1247072353448573e-4,0.04894194928418827,0.02605765453468223
2007-09-20,3270.45,3278.77,2372.4,-0.005938697835157214,0.0022747788847414796,-0.009773362750371994
2007-09-21,3256.96,3355.9,2382.72,-0.004133345141752898,0.023251638717209033,0.0043405912797265245
2007-09-24,3243.56,3386.23,2415.06,-0.004122752942866015,0.008997217378082567,0.013481439254247718
2007-09-25,3247.65,3309.19,2379.61,0.001260165836955096,-0.02301376171033631,-0.014787522806669173
2007-09-26,3243.59,3368.97,2444.42,-0.001250916783057221,0.017903613214341974,0.026871267262357
2007-09-27,3236.56,3360.18,2459.23,-0.002169703712992188,-0.0026125156964802443,0.006040416844824925
2007-09-28,3243.6,3419.98,2462.51,0.00217278671194876,0.017640159135410727,0.0013328621526458306
2007-10-01,3253.19,3379.52,2418.66,0.0029522293210231254,-0.011901015528225756,-0.01796748716822094
2007-10-02,3242.69,3520.13,2503.78,-0.0032328211557910436,0.04076423317025224,0.03458792215172046
2007-10-03,3223.09,3517.11,2478.85,-0.006062705515935463,-8.582910872423355e-4,-0.010006847000175512
2007-10-04,3231.91,3500.19,2488.7,0.0027327669989123393,-0.0048223769227444535,0.003965742834732389
2007-10-05,3218.56,3525.53,2521.28,-0.0041392391750658675,0.007213526835801787,0.013006223287562513
2007-10-08,3194,3575.96,2522.95,-0.007660004768586859,0.014202891994342437,6.621427099942068e-4
2007-10-09,3193.56,3629.74,2549.39,-1.3776778635232745e-4,0.014927348800807039,0.010425263082243674
2007-10-10,3212.75,3691.15,2523.07,0.005990986198645132,0.01677704224803378,-0.010377700845065618
2007-10-11,3258.4,3759.07,2568.17,0.0141090091469529,0.018233523767360538,0.01771716899122122
2007-10-12,3249.63,3704.12,2540.37,-0.002695133645230996,-0.014725872715226629,-0.01088384330053671
2007-10-15,3255.78,3679.27,2552.24,0.0018907345830996292,-0.006731350729578978,0.004661665234799273
2007-10-16,3260.94,3601.67,2534.02,0.001583619083948662,-0.02131673615001084,-0.007164430420215417
2007-10-17,3279.36,3664.82,2534.37,0.005632784032185256,0.017381594111466114,1.3811091907189876e-4
2007-10-18,3300.64,3605.52,2487.12,0.0064681076564916395,-0.016313216459090896,-0.01881967088476344
2007-10-19,3300.43,3616.01,2483,-6.362604852583331e-5,0.0029052035726895298,-0.0016579080359058196
2007-10-22,3270.81,3540.91,2437.25,-0.00901510235702574,-0.020987451755068776,-0.018597151998784867
2007-10-23,3294.13,3643.12,2459,0.007104436014893523,0.028456701110869176,0.00888440870681162
2007-10-24,3322.1,3652.02,2441.42,0.008455016414117722,0.0024399818003537632,-0.007174925993076897
2007-10-25,3327.01,3701.3,2479,0.0014768896566526024,0.013403670123112832,0.015275415812074478
2007-10-26,3336.1,3783.04,2554.03,0.002728457323739164,0.021843809921714197,0.029817250768651604
2007-10-29,3343.51,3810.66,2603.3,0.002218693318834397,0.007274483268956189,0.01910736718249595
2007-10-30,3335.07,3768.87,2598.59,-0.0025274847326883787,-0.011027180700297734,-0.0018108807710746078
2007-10-31,3353.98,3834.23,2602.61,0.005654031701460838,0.017193410608712156,0.0015457974315467027
2007-11-01,3329.14,3876.79,2581.47,-0.007433687974332415,0.011038859238647447,-0.008155783545126027
2007-11-02,3329.83,3898.09,2594.89,2.0723925846510838e-4,0.005479197952466208,0.005185122389837815
2007-11-06,3363.76,3934.95,2661.42,0.010138144288946549,0.009411485726037228,0.025315688431696515
2007-11-07,3361.82,3916.57,2660.29,-5.769019337531489e-4,-0.004681904541916637,-4.2467553361014154e-4
2007-11-08,3389.82,3952.3,2671.63,0.008294328644167237,0.009081417169289452,0.004253633624757391
2007-11-09,3396.44,3871.23,2614.55,0.0019510016120420914,-0.020725401933734844,-0.021596774453533918
2007-11-12,3360.38,3875.76,2598.13,-0.010673761431130302,0.0011694866048124197,-0.0063000430910236105
2007-11-13,3361.64,3803.83,2562.22,3.748873150488663e-4,-0.01873331872246986,-0.013917885286041987
2007-11-14,3388.92,3816.39,2609.44,0.00808233642940337,0.0032964957373948778,0.018261568724841304
2007-11-15,3373.41,3757.17,2574.72,-0.004587184357200513,-0.015638935184798086,-0.013394848587238606
2007-11-16,3369.24,3657.31,2545.39,-0.0012369025625371677,-0.026938109926064158,-0.011456910426753453
2007-11-19,3368.05,3603.67,2513.5,-3.532577675517956e-4,-0.01477513388493712,-0.012607675761985071
2007-11-20,3342.48,3659.05,2531.54,-0.007620895444777176,0.015250780253570184,0.007151609061052611
2007-11-21,3316.63,3634.74,2498.04,-0.0077638392659107325,-0.006665969274720851,-0.013321388826115665
2007-11-22,3309.59,3621.04,2490.07,-0.002124892517572974,-0.003776304210079573,-0.0031956018541619002
2007-11-23,3298.63,3670.52,2495.79,-0.0033170838892910837,0.0135720640081054,0.0022944898210131015
2007-11-26,3283.56,3709.99,2545.45,-0.004579031091994423,0.010695839795136663,0.019702139308671818
2007-11-27,3267.51,3642,2520.03,-0.004899972710719069,-0.01849619989250506,-0.010036645446577452
2007-11-28,3275.21,3662.28,2544.01,0.00235376221356276,0.005552922974212393,0.009470770073384038
2007-11-29,3280.41,3676.5,2554.47,0.0015864254153186153,0.0038753083745106665,0.004103189450784583
2007-11-30,3305.25,3757.42,2591.87,0.007543698823866407,0.02177133901237127,0.014534857172725957
2007-12-03,3300.32,3698.8,2591.37,-0.0014926799399219703,-0.015724108945164517,-1.9292951958682636e-4
2007-12-04,3294.65,3696.77,2599.38,-0.001719492703385228,-5.48977306950249e-4,0.003086261660818046
2007-12-05,3315.62,3780.82,2700.42,0.006344694043001198,0.022481451907857775,0.03813436141582649
2007-12-06,3346.04,3767.83,2695.93,0.009132922258038079,-0.0034416783987527566,-0.0016640881470397773
2007-12-07,3362.49,3797.28,2742.36,0.00490421388003881,0.007785782035558242,0.017075635229367947
2007-12-10,3400.55,3814.82,2804.62,0.01125541229965954,0.004608460488624289,0.022449193876026285
2007-12-11,3391.82,3812.63,2798.35,-0.0025705327616307727,-5.742417348333362e-4,-0.0022380996568784894
2007-12-12,3406.3,3820.49,2847.1,0.00426000773689772,0.0020594469307599894,0.01727097460189775
2007-12-13,3396.53,3763.84,2795.1,-0.0028723359887372624,-0.014938973794210497,-0.018433048229350213
2007-12-14,3406.22,3731.65,2726.72,0.002848849819153898,-0.008589217756354017,-0.02476846248489739
2007-12-17,3414.95,3715.64,2715.42,0.0025596795759526003,-0.0042995571982977765,-0.004152784103171214
2007-12-18,3423.94,3739.56,2750.1,0.0026290831343374066,0.006417019551911096,0.012690637099419533
2007-12-19,3445.97,3737.93,2733.6,0.006413497560577852,-4.3597518039284466e-4,-0.00601785283475742
2007-12-20,3443.33,3792.88,2767.82,-7.664059132928003e-4,0.014593642713558452,0.01244058492027289
2007-12-21,3435.09,3816.02,2781.2,-0.0023959002043199007,0.006082369682626876,0.004822482503507253
2007-12-24,3425.26,3847.04,2791.73,-0.002865744962692318,0.008096026766153841,0.0037789861101229505
2007-12-25,3418.53,3846.15,2769.48,-0.0019667471296909156,-2.3137346249590962e-4,-0.008001898408031671
2007-12-26,3422.72,3853.04,2743.53,0.0012249224992224583,0.00178979914491606,-0.009414164550585191
2007-12-27,3442.7,3845.69,2755.11,0.0058204906348109375,-0.0019094064171802927,0.0042119568182874545
2007-12-28,3488.09,3850.39,2736.48,0.013098261220052976,0.0012214011767799349,-0.0067849462432745256
2008-01-09,3523.76,3905.6,2800.63,0.010174292861792722,0.014236978785932664,0.023171968903210605
2008-01-10,3526.97,3982.96,2797.92,9.105440775005746e-4,0.01961384081112527,-9.681078892427308e-4
2008-01-11,3563.72,3980.84,2806.01,0.010365797704965374,-5.324091639860029e-4,0.002887261482581671
2008-01-14,3557.05,4039.91,2838.71,-0.001873393453449168,0.01472956219349797,0.011586178163623728
2008-01-15,3567.18,4058.84,2813.95,0.002843818020201283,0.004674804006629785,-0.008760533396428904
2008-01-16,3514.58,3913.68,2670.26,-0.014855337462734042,-0.03641911066483061,-0.05241334428463329
2008-01-17,3519.55,3852.01,2626.52,0.0014131103141501455,-0.015883017852486248,-0.01651606986910359
2008-01-18,3521.29,3878.22,2599.45,4.942592177705762e-4,0.006781195498186676,-0.010359891890770356
2008-01-21,3443.89,3645.17,2407.38,-0.022225753296044815,-0.06197328187982443,-0.07676086497736279
2008-01-22,3340.63,3595.87,2349.41,-0.030442234494229226,-0.013617038928169123,-0.024374786406637483
2008-01-23,3281.44,3446.31,2237.58,-0.017877061512779235,-0.042481871243879255,-0.04876930808682989
2008-01-24,3304.77,3585.42,2357.57,0.007084528910773713,0.03957152856838775,0.05223650283784931
2008-01-25,3346.52,3712.41,2431.63,0.012554120579888917,0.0348056394095142,0.030930386816342192
2008-01-28,3296.72,3577.95,2338.47,-0.014992965140766756,-0.036891250709150114,-0.03906494500669755
2008-01-29,3294.28,3659.72,2381.87,-7.404036144631476e-4,0.022596631052977045,0.018389024092074102
2008-01-30,3278.62,3623.59,2323.54,-0.004765029022401279,-0.009921394631863478,-0.024794008654716926
2008-01-31,3197.35,3555.29,2216.83,-0.025100260435568345,-0.019028611948430196,-0.047013637306871026
2008-02-01,3236.62,3741.46,2311.66,0.012207233684788932,0.05103927440749878,0.04188763367676085
2008-02-04,3248.8,3885.46,2353.6,0.0037561219844128857,0.03776547134704522,0.017980189692643478
2008-02-05,3240.79,3809.28,2292.39,-0.002468570146229254,-0.019801186026430884,-0.026351129419551533
2008-02-06,3231.63,3831.88,2274.89,-0.0028304733362496393,0.005915349475827725,-0.007663241859900971
2008-02-07,3224.8,3767.21,2200.6,-0.002115721086653366,-0.01702086994311358,-0.03320164913190826
2008-02-08,3222.27,3785.26,2168.39,-7.848526942844103e-4,0.004779902301201844,-0.01474509375552202
2008-02-11,3234.23,3871.47,2235.5,0.003704797856352471,0.022519703143810688,0.03047995999374553
2008-02-12,3252.31,4004.79,2310.19,0.005574635112706616,0.03385686480856265,0.032864855541619775
2008-02-13,3257.21,4054.67,2356.09,0.0015054876321105581,0.012378158556005658,0.019673693165766615
2008-02-14,3281.22,4021.79,2387.48,0.007344303731153801,-0.008142226086780724,0.013234950975025583
2008-02-15,3264.83,3976.87,2352.38,-0.005007610467332668,-0.0112319994223391,-0.014810834762237768
2008-02-18,3301.77,4070.95,2402.33,0.011250994325711972,0.02338130971527619,0.021011518121267336
2008-02-19,3314.23,4117.84,2429.04,0.0037666308135904103,0.011452366587416662,0.01105701783327806
2008-02-20,3307.17,4126.44,2398.76,-0.002132480344165799,0.002086295739442079,-0.012544180397598304
2008-02-21,3316.74,4248.4,2463.97,0.002889534024060225,0.029127391687566728,0.026821933103458484
2008-02-22,3309.42,4240.92,2465.81,-0.0022094253618245574,-0.0017622146263072125,7.464836505652883e-4
2008-02-26,3311.5,4233.79,2474.47,6.28311493999334e-4,-0.0016826538447389794,0.0035058777519223483
2008-02-27,3284.18,4188.54,2454.97,-0.008284257648947246,-0.010745348469855642,-0.007911690462413468
2008-02-28,3300.18,4170.33,2439.76,0.004860011145481735,-0.004357055154130762,-0.00621486740090571
2008-02-29,3262.48,4119.22,2410.75,-0.01148937007760864,-0.012331344320495319,-0.011961771403290022
2008-03-03,3257.17,4088.8,2366.65,-0.0016289221581295976,-0.007412296577786748,-0.018462449307514284
2008-03-04,3246.48,4103.46,2381.71,-0.0032873877367816107,0.003578991791897579,0.006343263988997094
2008-03-05,3269.28,4132.14,2413.94,0.0069984447120692295,0.006964912316970384,0.013441550264182034
2008-03-06,3248.17,4143.87,2419.34,-0.006478016347756466,0.002834701227941494,0.0022345083450003855
2008-03-07,3235.63,4067.55,2375.24,-0.003868106861885323,-0.018589281210239506,-0.018396290686311545
2008-03-11,3245.51,4124.8,2468.38,0.0030488487066406833,0.013976681164228566,0.038463580004719944
2008-03-12,3222.42,4104.37,2482.57,-0.007139872599012165,-0.004965274012645793,0.005732248903893122
2008-03-13,3209.45,4105.95,2438.64,-0.004033047179206051,3.8488147100324e-4,-0.017853807057725213
2008-03-14,3205.84,4120.23,2436.18,-0.0011254363812192025,0.0034718458248939044,-0.0010092681201836484
2008-03-17,3123.13,3870.49,2347.27,-0.02613844244091368,-0.06252787303221297,-0.037178288013971716
2008-03-18,3125,3909.13,2381.84,5.985791127365303e-4,0.009933728831422073,0.014620347502625641
2008-03-19,3117.21,3869.11,2375.07,-0.002495912199055539,-0.010290336411820533,-0.0028463874955937385
2008-03-20,3082.39,3757.77,2313.52,-0.011233100890040149,-0.0291988100824927,-0.02625673649861504
2008-03-21,3087.92,3784.14,2338.46,0.001792454991925041,0.0069929520401839085,0.010722418817826096
2008-03-24,3116.37,3824.99,2397.34,0.0091711378449304,0.010737204504934539,0.024867196309287465
2008-03-25,3116.89,3748.1,2362.18,1.668468830775538e-4,-0.020306807979272534,-0.01477486788880622
2008-03-26,3131.79,3739.17,2388.2,0.004769016252986091,-0.002385383252999418,0.010955022640979806
2008-03-27,3114.85,3761.64,2446.14,-0.005423729085315188,0.005991370856268219,0.023971327814068744
2008-03-28,3113.08,3751.73,2473.12,-5.684071746649977e-4,-0.002637965585845947,0.01096923949065598
2008-03-31,3073.6,3726.15,2472.05,-0.012763076780052174,-0.006841537916114859,-4.327454937635977e-4
2008-04-01,3070.66,3748.28,2482.18,-9.569908253812542e-4,0.005921539077890614,0.004089440384251297
2008-04-02,3060.46,3757.66,2488.71,-0.003327290743040834,0.0024993551461616192,0.0026272976292842642
2008-04-03,3049.22,3725.94,2469.43,-0.003679411255793852,-0.008477254251925359,-0.007777149163842978
2008-04-04,3031.96,3732.11,2468.72,-0.005676545126975796,0.0016545883729968125,-2.8755708307492966e-4
2008-04-07,3022.58,3897.58,2516.17,-0.0030985037689283956,0.04338209035417506,0.01903810642845105
2008-04-08,3004.25,3885.6,2479.96,-0.006082818502763487,-0.003078435667932311,-0.014495473108618206
2008-04-09,3013.4,3962.25,2505.21,0.003041056575778356,0.01953463368099939,0.01013013234386495
2008-04-10,3020.48,3941.53,2526.05,0.002346749769392531,-0.005243072926049308,0.00828425451490844
2008-04-11,2995.22,3891.07,2457.01,-0.008398074525173271,-0.01288478872988108,-0.027711654338502534
2008-04-14,2996.03,3890.19,2441.11,2.7039432670505903e-4,-2.2618444924127346e-4,-0.006492309640768745
2008-04-15,2983.77,3973.1,2493.64,-0.00410047733309149,0.021088646787282173,0.021290636513399797
2008-04-16,3000.3,4062.64,2539.86,0.005524682045559004,0.022286362188022935,0.01836547099368957
2008-04-17,3005.31,4021.23,2523.31,0.001668440395627968,-0.010245182619668114,-0.0065374296903977225
2008-04-18,3015.21,4103.83,2572.78,0.0032887554308018707,0.02033285802770024,0.019415494629702046
2008-04-21,3006.5,4075.69,2555.82,-0.0028928679973851956,-0.00688062649624932,-0.006613914840159829
2008-04-22,3026.96,4074.57,2546.74,0.006782204051082985,-2.748378596635348e-4,-0.0035590015930484498
2008-04-23,2998.13,4073.08,2557.71,-0.009570054566784947,-3.657496374067648e-4,0.00429821700238886
2008-04-24,3011.86,4027.74,2519.22,0.00456906713190719,-0.011194045405110487,-0.015162997108207676
2008-04-25,3029.58,4061.5,2546.9,0.005866167938410882,0.008346938898737832,0.010927603548407383
2008-04-28,3020.2,4108.51,2560.22,-0.0031009416925513733,0.011508068855610176,0.005216258949221064
2008-04-29,3030.68,4070.68,2538.73,0.0034639624250214496,-0.009250370698570265,-0.008429236310292687
2008-04-30,3031.02,4039.28,2537.95,1.1217975167276961e-4,-0.0077436033973175,-3.072874422409555e-4
2008-05-04,3025.58,4088.46,2558.71,-0.001796387895160123,0.012101912764245881,0.008146556691527529
2008-05-05,3026.15,4062.5,2544.88,1.8837588646114511e-4,-0.006369823376983774,-0.0054197276242335946
2008-05-06,3025.74,4095.48,2571.36,-1.3549486214259332e-4,0.008085378897121132,0.010351444204807159
2008-05-07,3035.39,4192.92,2644.05,0.003184227414257279,0.023513462035555932,0.02787689073331201
2008-05-08,3047.91,4265.98,2778.95,0.0041161927497359585,0.017274543217100202,0.04976132596308869
2008-05-12,3079.62,4249.01,2833.46,0.010350102921186988,-0.003985917180788334,0.019425421196212156
2008-05-13,3108.31,4274.46,2875.74,0.009272957380597191,0.005971763995894719,0.014811452722966578
2008-05-14,3128.36,4358.06,3023.43,0.006429735443658657,0.019369225590301298,0.050081916052731046
2008-05-15,3124.55,4422.98,3010.45,-0.0012186327554708498,0.014786672847154847,-0.004302379239279119
2008-05-16,3150.56,4529.87,3085.59,0.008289941995354155,0.02387956445321926,0.02465331779820268
2008-05-19,3182.17,4612.16,3061.38,0.009983139192321744,0.018003052401185826,-0.00787709235050471
2008-05-20,3195.09,4621.78,2998.91,0.0040519024397980274,0.002083618364514095,-0.020616905382123463
2008-05-21,3184.25,4799.66,3020.7,-0.0033984739591108593,0.03776516979459821,0.007239703294313671
2008-05-22,3204.77,4393.59,2967.25,0.006423542439307539,-0.08839842152066169,-0.017852994653065224
2008-05-23,3180.93,4319.14,3013.63,-0.007466718060758382,-0.01709035218697963,0.015509734262918684
2008-05-26,3181.78,4277.56,3006.64,2.6718175276130296e-4,-0.009673554793373285,-0.0023221560299049315
2008-05-27,3170.35,4155.9,2955.97,-0.003598796729962217,-0.028853742220892542,-0.016996322002833075
2008-05-28,3193.34,4243.16,2971.52,0.007225399106072672,0.020779263327449726,0.005246752224707052
2008-05-29,3208.87,4305.08,3044.26,0.004851459249334056,0.014487446072749322,0.024184243871553157
2008-05-30,3226.94,4319.55,3094.21,0.005615469531937478,0.003355509413623281,0.01627477286983492
2008-06-02,3232.56,4381.28,3069.74,0.0017400732001071617,0.014189688974605374,-0.007939755691840134
2008-06-03,3217.58,4310.72,3054.07,-0.00464486877262793,-0.016235975610166875,-0.005117740165490048
2008-06-04,3193.72,4217.36,2937.63,-0.007443142624524057,-0.021895603661794993,-0.03887199348323467
2008-06-05,3207.25,4210.86,2958.18,0.004227490567933145,-0.0015424374989461143,0.006971080553993758
2008-06-06,3221.63,4210.23,3007.37,0.004473570507471436,-1.4962433632170757e-4,0.01649172829811807
2008-06-07,3218.67,4156.6,2941.46,-9.19211902681738e-4,-0.012819845628168736,-0.022159885936551937
2008-06-09,3204.33,4173.38,2963.6,-0.004465210595059332,0.004028826647115125,0.007498688834616907
2008-06-10,3177.11,4140.13,2934.24,-0.008531041610069678,-0.007999070739543868,-0.009956269593977218
2008-06-11,3202.47,4184.74,2974.78,0.007950408516402163,0.010717387058321037,0.01372161071696798
2008-06-16,3205.1,4199.55,2980.7,8.209040705580151e-4,0.003532801323245849,0.0019880855782883344
2008-06-17,3238.54,4228.36,3019.42,0.010379319827874767,0.006836834332686337,0.012906587700467043
2008-06-18,3254.1,4278.42,3001.43,0.004793128770335997,0.011769571534628653,-0.005975918196801544
2008-06-19,3283.11,4320.79,3001.73,0.008875404165689105,0.00985447334835321,9.99473611393853e-5
2008-06-20,3245.28,4278.44,2968.04,-0.011589510869493225,-0.009849798736404125,-0.011286986823181522
2008-06-23,3246.22,4224.58,2920.42,2.8960949135559133e-4,-0.012668609587453972,-0.016174360749989347
2008-06-24,3205.44,4130.65,2859.16,-0.012641876078433256,-0.02248506800666661,-0.02119956615536367
2008-06-25,3194.27,4207.54,2853.72,-0.0034907867208850973,0.018443374293553916,-0.0019044690748772908
2008-06-26,3151.84,4199.34,2844.35,-0.013372170434470476,-0.0019507837867234201,-0.0032888358499763015
2008-06-27,3124.16,4215.82,2881.15,-0.008820962230737805,0.003916745746524342,0.01285494952910149
2008-06-30,3106.66,4197.96,2871.77,-0.005617252950829155,-0.004245422824256551,-0.003260955588504366
2008-07-01,3065.77,4084.41,2770.23,-0.013249432776476056,-0.027421405969940693,-0.03599821517044255
2008-07-02,3084.77,4121.18,2790.49,0.006178338955201923,0.008962243085276711,0.007286858409544017
2008-07-03,3074.09,3979.19,2768.29,-0.0034681777813254655,-0.035061249125659444,-0.007987406599075264
2008-07-04,3099.99,3907.42,2703.03,0.008389963177705795,-0.018200971340476713,-0.023856435041830437
2008-07-07,3151.29,3963.09,2720.53,0.016413007135630764,0.014146714363143076,0.006453348255860192
2008-07-08,3138.1,3935.24,2696.91,-0.004194371580506839,-0.00705215290360961,-0.008720041078493779
2008-07-09,3074.81,3913.54,2677.59,-0.02037441050297062,-0.005529535874657654,-0.007189536968994936
2008-07-10,3081.04,3888.58,2693.16,0.0020240915964482298,-0.00639828281314081,0.005798089138060902
2008-07-11,3026.48,3782.72,2652.64,-0.01786697429368722,-0.02760072484727516,-0.015159854849268406
2008-07-14,3025.15,3825.65,2748.13,-4.3955100407977454e-4,0.011285059901892325,0.03536530986459763
2008-07-15,2992.48,3763.84,2697.95,-0.010858201977727688,-0.01628867463236716,-0.018428455005883748
2008-07-16,2983.86,3822.68,2695.73,-0.0028847107017515583,0.01551203446404692,-8.231857008063059e-4
2008-07-17,2983.35,3902.8,2753.37,-1.7093415557312142e-4,0.02074249693821173,0.02115657630046197
2008-07-18,2967.51,3748.45,2637.4,-0.005323612859288396,-0.040351823048441204,-0.04303203257592614
2008-07-21,2981.95,3781.17,2650.92,0.00485423159574605,0.00869106434519118,0.005113166168495553
2008-07-22,3011.47,3665.51,2624.95,0.009850882707283404,-0.031066005729853075,-0.009844901316825805
2008-07-23,2969.6,3681.93,2598.2,-0.014001068029225294,0.004469591404767215,-0.010242950663635675
2008-07-24,2938.47,3629.02,2526.57,-0.010538225881746577,-0.014474431847476765,-0.027956245900400134
2008-07-25,2863,3349.31,2395.23,-0.02601901161202047,-0.08020828490288956,-0.05338339202420617
2008-07-28,2860.94,3195.73,2359.23,-7.197839561339237e-4,-0.046938810738366143,-0.015143965041835017
2008-07-29,2835.51,3179.69,2340.53,-0.008928426979252002,-0.005031835971134768,-0.007957895163232642
2008-07-30,2878.34,3352.82,2406,0.014991923902440973,0.05301807501092348,0.02758821810266543
2008-07-31,2857.76,3351.18,2405.27,-0.007175637908996002,-4.892601529586926e-4,-3.0345418386446e-4
2008-08-01,2838.67,3397.28,2386.5,-0.0067024685513867865,0.013662588829927103,-0.007834305904808048
2008-08-04,2803.2,3312.05,2337.86,-0.012574010862715035,-0.025407778423929273,-0.02059187644635152
2008-08-05,2744.48,3172.96,2228.44,-0.021170000080557472,-0.04290242687203616,-0.04793419191531534
2008-08-06,2749.5,3195.29,2258.75,0.001827455286354862,0.007012944378217867,0.013509773822153903
2008-08-07,2736.5,3236.08,2301.5,-0.004739345363896419,0.012684870235927903,0.018749521350858167
2008-08-08,2699.79,3149.06,2175.86,-0.013505739394178207,-0.027258725164328368,-0.05613709558655078
2008-08-11,2676.31,3175.08,2242.05,-0.008735012107041307,0.008228833272413638,0.029966637229187576
2008-08-12,2729.44,3264.09,2315.55,0.01965747984945576,0.027648181373516323,0.032256614396026784
2008-08-13,2742.79,3260.43,2273.64,0.004879190562063762,-0.001121921730305786,-0.018265168863688785
2008-08-14,2787.08,3356.13,2300.69,0.016018802276097865,0.028929435925073577,0.011827006493967396
2008-08-15,2817.74,3349.96,2329.41,0.01094069241463469,-0.0018401189787162764,0.012405938684072915
2008-08-18,2808.47,3286.54,2320.22,-0.0032952941282129444,-0.019113065817165875,-0.003953007859600177
2008-08-19,2751.69,3130.43,2159.43,-0.02042458269735903,-0.04866496434205381,-0.07181771078618926
2008-08-20,2756.99,3218.23,2198.21,0.0019242365268459238,0.027661143672734312,0.017799094836528973
2008-08-21,2741.45,3197.24,2207.81,-0.005652527399266027,-0.006543581342151938,0.00435768116872115
2008-08-22,2727.76,3140.26,2173.96,-0.0050062179334124934,-0.017982338598551806,-0.015450684721915131
2008-08-25,2699.03,3063.93,2074.76,-0.010588310369508136,-0.02460719337562267,-0.046704904923100976
2008-08-26,2644.42,2938.39,2057.74,-0.02044068960094858,-0.04183659335947265,-0.008237191160643142
2008-08-27,2641.12,2919.42,2072.01,-0.0012486899839130317,-0.006476845891270955,0.006910857458440667
2008-08-28,2661.55,3017.76,2171.55,0.007705590235766557,0.03312986790709882,0.0469220476456087
2008-08-29,2654.55,3027.15,2161.48,-0.00263351104969356,0.0031067485049725008,-0.004648026036964126
2008-09-01,2677.25,3071.46,2203.72,0.008514999495679909,0.01453143575839455,0.01935366922883386
2008-09-02,2657.8,3065.33,2193.17,-0.007291435383576683,-0.0019977877811747646,-0.004798855666771296
2008-09-03,2647.95,2964.81,2117.56,-0.0037129571940059947,-0.03334228135085038,-0.03508350336742616
2008-09-04,2593.62,2855.2,2061.58,-0.0207311724623942,-0.03767105625825273,-0.026791803337685494
2008-09-05,2506.39,2698.93,2001.97,-0.03421111239713159,-0.056286495025956285,-0.029340983340245153
2008-09-08,2529.19,2754.65,2076.05,0.009055622513376882,0.02043499462424858,0.03633535402626187
2008-09-09,2490.15,2539.53,1885.4,-0.015556143749058116,-0.08131136825363594,-0.09632704981211582
2008-09-10,2424.77,2384.11,1845.49,-0.026606275095541143,-0.06315313546022949,-0.021395175092426832
2008-09-11,2425.01,2367.23,1780.38,9.897356176846728e-5,-0.007105393854276443,-0.035918000221709434
2008-09-12,2441.32,2503.23,1880.24,0.006703228540505535,0.05586140273639195,0.05457260360275917
2008-09-15,2418.21,2413.1,1714.75,-0.00951127957607767,-0.036669669988017795,-0.09213213087124217
2008-09-16,2283.36,2035.13,1429.92,-0.057379554686768586,-0.17035252905427,-0.1816487987463491
2008-09-17,2185.57,1938.04,1366.4,-0.043771378277721595,-0.048882545827610535,-0.045438954598775894
2008-09-18,NA,1938.04,1366.4,NA,0,0
2008-09-19,2315.27,2314.17,1841.85,0.05764964731469391,0.17737393884252572,0.29859095724032514
2008-09-22,2295.97,2390.78,1879.11,-0.008370899237050367,0.032568580599286356,0.020027759202872808
2008-09-23,2314.51,2372.86,1811.49,0.008042589897588215,-0.007523693869185166,-0.03664854944466356
2008-09-24,2309.12,2360.47,1851.24,-0.002331502495496629,-0.005235226911428192,0.021705973779008403
2008-09-25,2280.96,2340.74,1820.47,-0.012270092591814219,-0.008393633058919825,-0.016760975321429505
2008-09-26,2265.17,2377.37,1794.99,-0.006946595674007128,0.015527715964742228,-0.014095258614198691
2008-09-29,2257.64,2312.69,1696.53,-0.003329791416138761,-0.02758348546599887,-0.056414462342327276
2008-09-30,2258.4,2238.96,1663.3,3.365780671451546e-4,-0.03239987685280177,-0.01978140773740389
2008-10-01,2255.46,2191.6,1647.72,-0.001302654675042092,-0.021379601656554392,-0.009411066674828383
2008-10-02,2211.71,2015.17,1567.18,-0.019587971290912165,-0.08392831159653547,-0.050114688185828093
2008-10-03,2068.72,1893.07,1484.3,-0.06683591346367468,-0.06250370920082737,-0.054334545305113835
2008-10-06,1913.69,1546.6,1217.66,-0.0778967430867219,-0.20214087669196257,-0.1980122964706279
2008-10-07,1913.18,1428.52,1206.25,-2.6653636157991656e-4,-0.07942002990208152,-0.009414610506895293
2008-10-08,1834.25,1277.73,1032.44,-0.04213110046724555,-0.11155387726115151,-0.15559144088668475
2008-10-09,1828.43,1332.41,1154.86,-0.0031780034828896575,0.041904266533335566,0.11205419172138775
2008-10-10,NA,1332.41,1154.86,NA,0,0
2008-10-13,1780.98,1271.71,1101.63,-0.026293900530871106,-0.0466268810594368,-0.04718822332880013
2008-10-14,1836.66,1368.83,1219.51,0.030784930127855326,0.07359390885980677,0.10165823754525682
2008-10-15,1706.13,1297.9,1123.19,-0.0737210569185045,-0.053208786651694595,-0.0822762876063452
2008-10-16,1540.68,1162.67,1013.9,-0.10200377039870112,-0.11002848936458509,-0.10236857013947631
2008-10-17,1510.69,1118.13,979.2,-0.019657377311159685,-0.03906143730420286,-0.034823648200472235
2008-10-20,1512.61,1078.43,1029.01,0.0012701354533914966,-0.03615136726272539,0.04961654220175049
2008-10-21,1514.05,1137.87,1081.25,9.515440179290735e-4,0.05365181389782592,0.04952060428627725
2008-10-22,1442.13,1119.27,1033.74,-0.04866699220387627,-0.01648140658982289,-0.04493448547371948
2008-10-23,1395.69,1078.48,996.54,-0.03273227072185492,-0.03712404468739461,-0.03664929343340795
2008-10-24,1332.06,911.54,883.8,-0.0466623004945399,-0.16817244451877933,-0.12005848664232222
2008-10-27,NA,911.54,883.8,NA,0,0
2008-10-28,1271.41,901.82,919.98,-0.046600095314216716,-0.010720533256480813,0.04012113797971306
2008-10-29,1256.25,985.31,1041.25,-0.01199542800927933,0.08854136886251762,0.12382526280469985
2008-10-30,1277.68,1166.8,1239.11,0.016914840540668052,0.1690639255235009,0.1739714654824871
2008-10-31,1273.79,1200.73,1247.54,-0.0030492249675893035,0.028664746156144005,0.006780232276347498
2008-11-01,1295.36,1330.68,1336.21,0.01679194039847154,0.10276038460341397,0.06866363613307946
2008-11-05,1310.98,1325.17,1349.61,0.01198630033826742,-0.004149336675992821,0.009978413434185818
2008-11-06,1291.21,1185.47,1225.82,-0.015195185897928454,-0.11140143267002056,-0.09620565401327674
2008-11-07,1280.81,1209.17,1272.96,-0.008087072947012608,0.019794853398826362,0.03773488943167713
2008-11-10,1270.54,1252.41,1326.34,-0.008050683339797082,0.03513552128387065,0.041078371909173406
2008-11-11,1199.93,1112.24,1167.37,-0.05717878519116226,-0.11869369522852047,-0.127669913827841
2008-11-12,NA,1112.24,1167.37,NA,0,0
2008-11-13,1167.3,1018.26,1049.93,-0.02756983208268604,-0.08828071161005902,-0.1060298600443037
2008-11-14,1170.44,1007.12,1049.29,0.0026863568132649007,-0.01100051579322514,-6.097503070945365e-4
2008-11-17,1120.95,924.09,999.54,-0.04320320642747344,-0.08604058196224162,-0.04857385080580645
2008-11-18,1130.3,934.08,1043.04,0.008306544152277162,0.010752618169988182,0.042599632026548484
2008-11-19,1089.43,855.85,1001.89,-0.0368284605319138,-0.08746696052407721,-0.040251309996854445
2008-11-20,1010.58,797.41,942.02,-0.0751302002264227,-0.07072615151559081,-0.061616989405889555
2008-11-21,1023.45,777.7,915.56,0.012654849491193332,-0.025028129925184217,-0.028490605849037287
2008-11-24,1031.49,856.7,1092.41,0.007825085915284191,0.09674695326910054,0.17660564378918941
2008-11-25,1018.23,904.42,1073.6,-0.01293853305106385,0.054206055298104516,-0.017368777496220567
2008-11-26,1010.58,919.84,1046.46,-0.007541402355413673,0.016905887606878167,-0.025604447708784228
2008-11-27,1042.72,1023.62,1104.68,0.03130826014572108,0.10690090110214712,0.054142660742958704
2008-11-28,1068.99,1014.47,1100.31,0.02488159386027089,-0.008979055365844424,-0.003963741986595437
2008-12-01,1047.42,928.2,1016.54,-0.020384279879597678,-0.08887436080420841,-0.07918725425758222
2008-12-02,1034.86,959.17,1055.38,-0.012063845714987309,0.0328211003537362,0.03749618762352114
2008-12-03,1025.09,990.47,1048.72,-0.009485738253821374,0.032111250785643364,-0.006330518741380686
2008-12-04,1014.14,1021.83,1034.28,-0.010739450914042159,0.031170838472271534,-0.01386484044224634
2008-12-05,1008.31,1035.54,1012.59,-0.005765300648674199,0.013327892352640092,-0.021194127528107565
2008-12-08,1033.75,1150.35,1120.51,0.02491730530468228,0.10514321410761163,0.10127253386919577
2008-12-09,1030.66,1203.61,1092.04,-0.0029935936249216866,0.0452591302505061,-0.025736432117779096
2008-12-10,1029.04,1216.78,1127.79,-0.0015730449425195303,0.010882651125618814,0.03221245884279611
2008-12-11,1074.74,1225.51,1145.1,0.04345244307322815,0.007149058614492887,0.015232003905881086
2008-12-12,1064.31,1143.1,1121.74,-0.009752069993794521,-0.06961321383786334,-0.020610918245236753
2008-12-15,1047.37,1159.6,1187.72,-0.01604444176719788,0.01433124801576735,0.05715445173353384
2008-12-16,1045.08,1192.41,1199.84,-0.002188822590047046,0.02790135116875092,0.010152711645488033
2008-12-17,1033.1,1236.61,1187.78,-0.01152944663724842,0.03639729556482951,-0.010102195964567962
2008-12-18,1016.88,1155.11,1122.77,-0.015824874868986427,-0.06817818726480773,-0.05628717237473335
2008-12-19,1015.53,1183.46,1126.57,-0.0013284723048441194,0.02424677380998741,0.003378772097679672
2008-12-22,1032.88,1206.64,1165.49,0.01694037318489361,0.019397286133736813,0.03396398111896559
2008-12-23,1024.76,1235.35,1213.13,-0.007892578051952093,0.023514693261373232,0.04006219707116898
2008-12-24,1033.04,1210.56,1175.36,0.008047472723885285,-0.02027126827670589,-0.03162931287028936
2008-12-25,1005.63,1194.25,1129.35,-0.026891700771790816,-0.013564689174592637,-0.03993223766706144
2008-12-26,1023.96,1186.32,1096.93,0.018063252569888277,-0.006662294603257735,-0.029126877116958383
2008-12-29,998.09,1179.09,1113.65,-0.025589289730312714,-0.0061131241650151935,0.01512754015021045
2008-12-30,1005.1,1148.8,1119.27,0.006998865424513667,-0.026025035207839053,0.005033778072709438
2008-12-31,1034.41,1156.56,1120.25,0.02874417682028607,0.006732162706227562,8.751875960495425e-4
2009-01-11,1035.84,1238.58,1140.36,0.001381475886899075,0.06851548011036623,0.01779212734497193
2009-01-12,1077.75,1278.65,1181.52,0.03966284288936439,0.03183927172887202,0.035457743106830364
2009-01-13,1079.15,1278.72,1189.81,0.0012981595777352695,5.4743740653506734e-5,0.006991885374342033
2009-01-14,1077.81,1224.4,1100.71,-0.001242489589412088,-0.043408649508821284,-0.07783820437667366
2009-01-15,1066.63,1200.74,1097.01,-0.010427059086692836,-0.019512894689255766,-0.0033671291117585156
2009-01-16,1056.97,1188.15,1107.37,-0.009097821275232398,-0.010540557803603079,0.009399537535737856
2009-01-19,1047.93,1163.31,1084.47,-0.008589534496596052,-0.0211280855577769,-0.020896446172677052
2009-01-20,1018.84,1145.29,1074.94,-0.02815206454575403,-0.015611509991837025,-0.008826542316406893
2009-01-21,1020.77,1157.09,1114.78,0.0018925192326433304,0.010250352520768224,0.036392229958496
2009-01-22,1002.67,1149.1,1075.51,-0.01789080257975595,-0.006929205285965523,-0.03586210834362635
2009-01-23,989.3,1138.8,1071.87,-0.013424098535002926,-0.009003950859705512,-0.00339018104509492
2009-01-26,1013.7,1251.53,1183.29,0.024364660059177368,0.09439172641515992,0.0988939077921307
2009-01-27,1018.4,1261.4,1156.81,0.0046257648548433394,0.007855412410508578,-0.02263247750873454
2009-01-28,1027.61,1271.35,1198.64,0.00900294935818291,0.007857112772998498,0.035521363831099606
2009-01-29,1024.63,1264.86,1199.46,-0.0029041458060063974,-0.005117883902277853,6.838747608171047e-4
2009-01-30,1034.87,1304.24,1218.25,0.009944243150535215,0.0306590515311278,0.015543947227909527
2009-02-02,1047.77,1343.51,1234.63,0.01238828120011437,0.02966509664170136,0.013355927309171456
2009-02-03,1055.22,1366.07,1240.53,0.007085179830304433,0.016652412054196652,0.004767377603501544
2009-02-04,1056.51,1409.94,1260.52,0.0012217472503222027,0.031609145948015005,0.015985626585366397
2009-02-05,1052.46,1458.1,1232.58,-0.00384074214290564,0.033587068046927016,-0.022414800689180225
2009-02-06,1075.77,1633.69,1301.13,0.02190640314236436,0.11370704161662903,0.05412358412409546
2009-02-09,1113.93,1714.35,1411.96,0.03485761866204218,0.04819274007284857,0.08174569238345608
2009-02-10,1120.25,1714.38,1470.96,0.0056575717781015555,1.749919066273975e-5,0.040936438805560194
2009-02-11,1128.61,1696.88,1459.78,0.0074349123647090565,-0.010260228491418388,-0.007629509428825898
2009-02-12,1170.04,1566.28,1385.98,0.03605114921063102,-0.08008788965379221,-0.05187826878545554
2009-02-13,1204.31,1659.26,1472.67,0.028868852569210013,0.05766833877005073,0.06066960914571862
2009-02-16,1235.4,1622.75,1431.95,0.025488015450996215,-0.022249478913641596,-0.028039928067134845
2009-02-17,1216.19,1515.34,1286.55,-0.01567178294144611,-0.06848240470681333,-0.10707293460534828
2009-02-18,1176.79,1479.74,1257.54,-0.032932628689896326,-0.023773439557058573,-0.022806785491416903
2009-02-19,1174.1,1530.54,1292.7,-0.0022884959942901517,0.033754217644159645,0.027575622676778266
2009-02-20,1155.31,1520.34,1258.91,-0.016133190424245214,-0.006686620256600051,-0.02648678710654906
2009-02-24,1164.67,1487.57,1261.85,0.00806907885910313,-0.02179007790118348,0.0023326308994793266
2009-02-25,1179.06,1505.05,1279.11,0.012279725756706661,0.011682204086397974,0.013585625488984121
2009-02-26,1196.97,1573.09,1382.27,0.015075852759527386,0.044215717710813784,0.07756255170414583
2009-02-27,1178.07,1545.32,1382.86,-0.0159158573907634,-0.017810829306680098,4.2674305291523495e-4
2009-03-02,1164.3,1520.43,1326.38,-0.011757458153524247,-0.016237819056621028,-0.04170039146924687
2009-03-03,1171.39,1507.5,1353.13,0.00607102978269225,-0.008540539968652006,0.019967000474512275
2009-03-04,1160.54,1553.39,1415.59,-0.009305663803409026,0.029986989871532366,0.04512597796980167
2009-03-05,1153.56,1535.6,1387.44,-0.006032601156528372,-0.011518455346230638,-0.02008608286161362
2009-03-06,1161.14,1548.63,1428.51,0.006549468264275937,0.008449484974643262,0.029171620554012456
2009-03-10,1205.59,1606.03,1571.75,0.03756679252280115,0.03639462618113942,0.0955577052668275
2009-03-11,1222.62,1573.81,1538.57,0.014027023388098137,-0.02026586415420084,-0.021336234673587917
2009-03-12,1220.16,1574.52,1496.04,-0.0020140993717010502,4.5103277740032865e-4,-0.028031796444698998
2009-03-13,1225.76,1584.66,1541.67,0.0045790620993111375,0.0064194093539624575,0.030044627293356996
2009-03-16,1243.36,1635.51,1553.5,0.014256332692421658,0.0315848090382822,0.007644205394861103
2009-03-17,1245.72,1634.34,1581.5,0.0018962835322220428,-7.156291878418486e-4,0.017863313912601875
2009-03-18,1219.48,1602.66,1509.99,-0.02128913763566498,-0.01957430430552254,-0.046270735475219205
2009-03-19,1223.85,1677.88,1569.45,0.0035770891854296494,0.04586634295862613,0.03862221122468146
2009-03-20,1228.92,1769.54,1586.98,0.0041341073324279165,0.05318853402261414,0.011107599557377057
2009-03-23,1260.63,1851.77,1703.19,0.025475861111828202,0.045422312643360385,0.07067012420841046
2009-03-24,1249.53,1754.62,1643.26,-0.00884411539655261,-0.053889629190416066,-0.03582088963449159
2009-03-25,1294.14,1769.01,1693.78,0.035078901271715424,0.008167758816367332,0.030280644021812186
2009-03-26,1328.84,1761.62,1686,0.026459999331663653,-0.0041862278359214855,-0.004603858086473345
2009-03-27,1315.43,1720.75,1621.25,-0.010142772836022829,-0.023473597940661506,-0.039161402931147116
2009-03-30,1306.93,1700.04,1501.36,-0.006482732933901225,-0.012108462099214456,-0.07682609264763673
2009-03-31,1333.86,1697.25,1518.96,0.020396119017878078,-0.0016424859975030515,0.011654526152142353
2009-04-01,1350.73,1685.54,1543.38,0.012568192583668925,-0.006923306958919184,0.0159489264008581
2009-04-02,1373.89,1750.31,1652.14,0.01700094532767693,0.03770692786392171,0.06809660071689905
2009-04-03,1427.02,1797.99,1657.07,0.03794222144227888,0.026876459194078883,0.0029795653024731195
2009-04-06,1426.44,1764.62,1664.96,-4.0652401504726043e-4,-0.01873400454368923,0.004750116546548888
2009-04-07,1416.26,1779.27,1688.49,-0.007162235562979902,0.008267798070358268,0.014033539289800778
2009-04-08,1461.43,1829.8,1728.77,0.03139581418943482,0.02800350343792779,0.023575534573091694
2009-04-09,1559.33,1917.79,1816.76,0.06484083340107283,0.04696681015249027,0.049644521851429424
2009-04-10,1610.67,1949.45,1825.05,0.03239399967276313,0.01637380009387268,0.004552689085307371
2009-04-13,1620.37,1922.07,1759.33,0.00600427672915238,-0.01414455122934477,-0.0366743291652698
2009-04-14,1667.37,1982.96,1782.66,0.02859301652119406,0.03118794759650889,0.013173576094652084
2009-04-15,1694.04,1973.19,1761.59,0.015868673952938117,-0.004939155422214014,-0.011889820536231
2009-04-16,1758.92,1993.87,1790.42,0.03758377563260229,0.01042595137295077,0.016233418888664808
2009-04-17,1817.29,2018.9,1836.89,0.032646396086570384,0.012475334806479665,0.025623694999327817
2009-04-20,1784.75,1950.58,1738.73,-0.018068031020710862,-0.034426044386236754,-0.05491896252738915
2009-04-21,1763.87,1933.57,1734.05,-0.011768090676652854,-0.008758729062393833,-0.0026952486671207865
2009-04-22,1793.15,1985.59,1798.43,0.016463591072639616,0.026548064009033645,0.03645434906669731
2009-04-23,1819.43,2002.17,1847.81,0.014549415425864964,0.008315493178417732,0.0270870920082098
2009-04-24,1813.94,2030.3,1857.48,-0.003021990151338194,0.013951973013196728,0.005219576310677709
2009-04-27,1815.16,1999.2,1809.06,6.723430304802491e-4,-0.015436464847453202,-0.02641335703266634
2009-04-28,1820.6,1950.11,1778.99,0.0029924989876244368,-0.02486131929753821,-0.016761585826553294
2009-04-29,1915.97,1986.6,1871.91,0.051057904716993896,0.018538853558051294,0.05091351244416131
2009-04-30,1914.56,1991.12,1852.37,-7.361905865153062e-4,0.0022726596871960325,-0.010493399689494254
2009-05-04,2008.32,2081.24,1928.11,0.047810720462891254,0.04426657544395418,0.04007434821565159
2009-05-05,2066.92,2109.49,1926.42,0.028761024833283244,0.01348234218092692,-8.76890364476246e-4
2009-05-06,2265.46,2145.24,1976.22,0.09171825230693376,0.016805222121664798,0.02552257102239608
2009-05-07,2201.06,2211.23,2028.09,-0.028838766313659114,0.030297487560095426,0.025908534281787965
2009-05-08,2195.53,2252.54,2047.8,-0.002515587269331654,0.018509546596342297,0.00967158271612334
2009-05-12,2272.8,2346.51,2119.97,0.03458907631819397,0.040870649520267754,0.03463589148181967
2009-05-13,2151.62,2250.62,2021.68,-0.05479150477602435,-0.04172338409614085,-0.047473088715777045
2009-05-14,2147.84,2213.82,2011.17,-0.001758360805276915,-0.016486203645078135,-0.005212206649808593
2009-05-15,2160.62,2215.79,2008.93,0.0059325315693214975,8.894688832112863e-4,-0.0011144002546297216
2009-05-18,2204.13,2219.92,2015.7,0.01993765567140038,0.0018621601472803562,0.0033642875918928894
2009-05-19,2231.81,2305.07,2051.8,0.012480042230397004,0.037639885552208874,0.017750927059398514
2009-05-20,2266.82,2415.59,2152.12,0.015565052837156479,0.04683251893375484,0.047735946155199827
2009-05-21,2202.11,2336.14,2029.47,-0.028961976645276444,-0.033443569007792995,-0.05867872760511528
2009-05-22,2195.51,2362.08,2059.19,-0.003001625859154089,0.011042592126631057,0.014538026371517354
2009-05-25,2191.58,2362.14,2051.84,-0.00179162089277618,2.540101858272692e-5,-0.003575750034135794
2009-05-26,2157.76,2344.52,2032.04,-0.01555209832352844,-0.007487297707564622,-0.009696736997083732
2009-05-27,2200.27,2435.73,2081.52,0.019509433542541643,0.03816581615164605,0.024058181500315357
2009-05-28,2198.59,2438.39,2123.93,-7.638343032887462e-4,0.0010914791856073691,0.020169750088936844
2009-05-29,2229.07,2491.23,2245.04,0.013768212324434259,0.021438578962386323,0.05545519225631779
2009-06-01,2307.66,2652.87,2372.35,0.03464956597485003,0.06286550840991456,0.05515768664898246
2009-06-02,2290.45,2642.01,2335.69,-0.007485719291134174,-0.004102081719887352,-0.015573674376033075
2009-06-03,2253.18,2482.2,2169.72,-0.016405753077323837,-0.062394727391041904,-0.07370922371145117
2009-06-04,2246.34,2455.34,2183.94,-0.0030403266432159626,-0.010880019184361878,0.006532458008883246
2009-06-05,2278.24,2521.38,2196.61,0.014100989959604071,0.026541126153437844,0.005784677874149047
2009-06-08,2293.34,2467.97,2156.61,0.00660605519911428,-0.021410420304669664,-0.018377718468375548
2009-06-09,2292.8,2516.62,2135.9,-2.3549215789131495e-4,0.01952078099685206,-0.009649440860960645
2009-06-10,2343.25,2594.26,2183.77,0.021765076552687113,0.03038458079989592,0.02216463745909536
2009-06-11,2375.72,2638.91,2203.43,0.013761694793814172,0.01706464093799287,0.00896249617119782
2009-06-15,2394.87,2485.57,2101.9,0.008028400201929742,-0.059863943609005155,-0.047173539569118184
2009-06-16,2372.39,2553.75,2122.51,-0.009431063807436857,0.0270608576462692,0.009757653033675595
2009-06-17,2323.46,2399.76,2024.45,-0.02084043184584594,-0.0621941347961279,-0.04730129188854271
2009-06-18,2245.96,2372.55,1978.7,-0.03392440726825985,-0.011403406258096105,-0.022857995312672408
2009-06-19,2230.99,2397.14,1982.3,-0.0066876135732441,0.010311033992452145,0.0018177232977709679
2009-06-22,2166.78,2209.75,1861.61,-0.02920323858762508,-0.08139697312900296,-0.06281608199926225
2009-06-23,2093.3,2153.02,1819.29,-0.03450042643945217,-0.026007879256161104,-0.02299538962883041
2009-06-24,2187.05,2308.76,1931.77,0.04381183568349467,0.06983907616730622,0.05999036599861274
2009-06-25,2162.81,2255.91,1889.88,-0.011145301650781647,-0.02315714464704577,-0.021923346092195928
2009-06-26,2175.33,2287.51,1880.33,0.005772075018584566,0.01391045051966433,-0.005066041639524954
2009-06-29,2177.68,2368.8,1945.58,0.0010797127634898374,0.03491960806256067,0.034112839778784654
2009-06-30,2201.15,2321.02,1939.44,0.010719861129563135,-0.020376753574628204,-0.0031608615204472557
2009-07-01,2204.02,2374.25,2018.1,0.0013030145969707974,0.02267485391030899,0.03975720310636799
2009-07-02,2217.45,2376.5,1934.47,0.0060749213734121454,9.472189310022472e-4,-0.0423230875625249
2009-07-03,2202.36,2409.06,1914.32,-0.006828374356826927,0.013607812850891854,-0.010470918966085208
2009-07-06,2201.29,2275.37,1812.36,-4.859605195957073e-4,-0.05709395338129042,-0.05473260480480935
2009-07-07,2168.15,2249.43,1815.93,-0.01516928278075902,-0.011465825752842385,0.001967869796555277
2009-07-08,2119.51,2219.2,1762.92,-0.02268933948257512,-0.013530080210256479,-0.029626207992469844
2009-07-09,2144.78,2194.33,1741.11,0.011852053124044915,-0.011270009826209737,-0.012448684318785652
2009-07-10,2083.2,2108.84,1712.41,-0.02913180998524645,-0.03973872747252649,-0.016621105840744832
2009-07-13,2061.22,2094.64,1734.77,-0.01060713252167389,-0.006756332380214225,0.012973104741160313
2009-07-14,2066.57,2154.76,1750.36,0.00259218758500257,0.028297647544741622,0.00894664129502587
2009-07-15,2093.3,2251.26,1840.97,0.012851540022896124,0.04381071103062162,0.0504711255617325
2009-07-16,2136.09,2266.14,1833.56,0.020235286923424134,0.0065878840998054855,-0.004033174334980849
2009-07-17,2165.2,2351.03,1887.89,0.013535680898923985,0.036775586429304674,0.02920037102250017
2009-07-20,2143.22,2441.26,1904.92,-0.010203364895726708,0.03766076945857044,0.008980209632097669
2009-07-21,2163.84,2500.34,1948.66,0.009575050052370138,0.023912423164469843,0.022701943926226598
2009-07-22,2130.71,2496.14,1902.53,-0.015429163585874761,-0.0016811839491932545,-0.023957377517690226
2009-07-23,2149.92,2609.46,1987.57,0.008975374633507727,0.04439776469903389,0.043728207697181
2009-07-24,2159.49,2569,1986.15,0.004441450561383675,-0.015626585249087555,-7.146955801831112e-4
2009-07-27,2177.11,2598.8,2004.33,0.008126226519440394,0.011533081896493158,0.009111748852837387
2009-07-28,2197.59,2512.57,1953.47,0.009362996144148816,-0.033743666330630084,-0.02570256198095411
2009-07-29,2228.38,2494.01,1933.37,0.01391355870494948,-0.007414276820707499,-0.0103426841219596
2009-07-30,2265,2619.33,2056.19,0.016299894860113184,0.049026703006002315,0.06159016155285091
2009-07-31,2263.16,2701.54,2059.76,-8.126921757503069e-4,0.030903420902395062,0.00173471538538994
2009-08-03,2312.27,2841.19,2130.44,0.021467659239315928,0.05040099771443618,0.033739059998167065
2009-08-04,2314.36,2829.37,2128.5,9.034654347397364e-4,-0.004168906463940303,-9.110248719998992e-4
2009-08-05,2317.68,2750.07,2100.74,0.0014334939113318512,-0.028427706131822106,-0.013127842675898727
2009-08-06,2319.75,2737.9,2109.61,8.927359065165064e-4,-0.0044351627101928415,0.004213432670649553
2009-08-07,2341.31,2823.82,2144.58,0.00925118053245999,0.03089937503300444,0.01644063273121077
2009-08-10,2348.64,2828.1,2107.44,0.003125835443174907,0.0015145298652932127,-0.017469788274318887
2009-08-11,2371,2744.69,2042.98,0.009475369856482452,-0.029936972108686177,-0.031064414475353352
2009-08-12,2379.93,2811.28,2065.3,0.003759268402873772,0.023971759664573433,0.010865968049107444
2009-08-13,2393.86,2857.23,2089.96,0.005836050407480364,0.016212728389596975,0.011869432726123286
2009-08-14,2358.04,2827.31,2038.49,-0.015076360393909027,-0.010526894453899871,-0.02493558934027096
2009-08-17,2361.04,2765.96,1962.34,0.0012714344338879968,-0.021937957757641513,-0.03807169900895513
2009-08-18,2370.65,2778.82,1954.29,0.004061979213974887,0.004638605340042012,-0.004110682569221424
2009-08-19,2369.04,2732.13,1968.74,-6.793693519719923e-4,-0.016944852398202315,0.00736678809468394
2009-08-20,2383.03,2766.02,2037.66,0.005887977415068413,0.012327939110554631,0.03440834644328472
2009-08-21,2414.94,2888.68,2122,0.013301654864730672,0.04339018650421256,0.04055694953467981
2009-08-24,2437.01,2910.59,2167.45,0.009097435965073508,0.007556159394837891,0.021192321163947092
2009-08-25,2476.23,2924.68,2162.03,0.015965364228604173,0.004829263216149293,-0.002503766194290158
2009-08-26,2494.41,2882.26,2130.23,0.0073149860243733045,-0.014610364353041305,-0.014817640049009206
2009-08-27,2497.72,2825.81,2083.51,0.001326087455677083,-0.019779659472400013,-0.02217598362755524
2009-08-28,2552.84,2888.57,2151.35,0.02182814917926379,0.021966520812874535,0.032041580580328244
2009-08-31,2521.38,2819.78,2118.75,-0.012400094246036275,-0.024102702254687358,-0.015269259918588851
2009-09-01,2572.42,2820.96,2130,0.020040719406603458,4.183848279524227e-4,0.005295687574710328
2009-09-02,2554.46,2665.43,2070.38,-0.007006239064457631,-0.05671185710387494,-0.028389814412634884
2009-09-03,2559.3,2730.22,2075.53,0.0018929325761165572,0.02401679658413247,0.0024843774461444923
2009-09-04,2567.37,2713.48,2056.89,0.003148245026673102,-0.0061502480910444746,-0.009021409449740503
2009-09-07,2569.61,2769.47,2096.84,8.721077917268616e-4,0.020424022212631066,0.019236316228286476
2009-09-08,2633.74,2868.96,2169.22,0.024650752842447332,0.03529362860976004,0.033936206397811475
2009-09-09,2669.43,2868.53,2205.17,0.013460077213850674,-1.4989132906784164e-4,0.016436947501417443
2009-09-10,2673.02,2894,2204.46,0.0013439528831744596,0.00883992477644302,-3.220224853945908e-4
2009-09-11,2722.09,3043.02,2223.97,0.018191048247766517,0.05021081514532977,0.008811306141499387
2009-09-14,2775.99,3007.63,2228.24,0.01960747272633334,-0.011698050151952799,0.0019181491031270426
2009-09-15,2829.75,3050.45,2287.83,0.019180928197798153,0.014136727517156444,0.02639173386596738
2009-09-16,2814.99,3055.58,2304.99,-0.005229659342917081,0.0016803065844808174,0.0074725679865901284
2009-09-17,2797.32,3076.74,2290.6,-0.0062968932171809655,0.0069011675778973824,-0.006262546062928642
2009-09-18,2811.77,3109.55,2299.05,0.005152362314315262,0.010607426305913492,0.0036822021494105073
2009-09-21,2806.64,3008.36,2211.17,-0.0018261399312686777,-0.033082941410642164,-0.03897420692548881
2009-09-22,2872.2,3106.57,2272.06,0.023090248291040005,0.03212414388797846,0.027165121755511557
2009-09-23,2921.39,3141.7,2254.53,0.0169812437679715,0.011244831023800472,-0.007745383450550314
2009-09-24,2875.95,3110.17,2206.68,-0.015676475961979186,-0.010086667612624112,-0.02145240195173681
2009-09-25,2868.6,3139.35,2209.06,-0.002558948572397135,0.009338385045328579,0.0010779621220740054
2009-09-28,2883.81,3166.77,2262.6,0.005288230653276216,0.0086963688629762,0.02394750882953023
2009-09-29,2927.27,3204.33,2282.88,0.014957911543286961,0.011790879172108859,0.008923209238106189
2009-09-30,2924.24,3192.16,2248.17,-0.0010356302119669536,-0.003805216512429155,-0.015321251800347824
2009-10-01,2975.72,3270.04,2277.7,0.01745140866040007,0.024104413605634534,0.013049609935692708
2009-10-02,2898.6,3160.63,2207.92,-0.026258164716693067,-0.03403084243379695,-0.031115266009279274
2009-10-05,2919.82,3157.89,2211.56,0.0072941087382352165,-8.672917619172438e-4,0.001647252990431447
2009-10-06,2968.7,3284,2294.19,0.016602176009206993,0.03915810853564672,0.036681691172809394
2009-10-07,2966.22,3265.35,2309.02,-8.35731617055302e-4,-0.0056952370572638245,0.0064433520555411405
2009-10-08,3025.93,3340.41,2404.03,0.01993006731328517,0.0227265994129926,0.04032330370324466
2009-10-09,3014.34,3321.01,2469.57,-0.00383758150673863,-0.00582460041461097,0.02689755061937138
2009-10-12,3009.1,3400.25,2569.34,-0.0017398700150934587,0.02358000479942568,0.039605010171642974
2009-10-13,2970.32,3341.96,2492.43,-0.012971339609745947,-0.01729149711005995,-0.030390918380713394
2009-10-14,3019.15,3482.72,2563,0.016305643698321326,0.0412561364637245,0.027920309175205382
2009-10-15,2984.07,3481.76,2551.82,-0.011687194305284976,-2.7568461854343695e-4,-0.004371617302314057
2009-10-16,2976.26,3460.41,2505.48,-0.0026206617653175,-0.00615083390661475,-0.01832649713247214
2009-10-19,3002.31,3565.13,2574.81,0.008714513624107134,0.029813439680321352,0.027295412038434108
2009-10-20,2995.18,3619.74,2557.92,-0.0023776624417841674,0.01520168121429677,-0.006581316751137045
2009-10-21,2988.17,3603.56,2571.5,-0.0023431700326188576,-0.004479954331406688,0.005294957998389194
2009-10-22,2986.5,3535.82,2532.98,-5.590267055719522e-4,-0.01897700722012452,-0.015092911020227362
2009-10-23,3012.14,3573.28,2539.66,0.008548656410917843,0.010538702987709314,0.0026337385903048016
2009-10-26,3001.97,3581.92,2530.02,-0.0033820497775813863,0.002415028007407116,-0.0038030059563878282
2009-10-27,2930.8,3458.85,2477.92,-0.02399331651988934,-0.0349628056171305,-0.020807709260796337
2009-10-28,2795,3196.56,2343.13,-0.04744331669660884,-0.07886093230155566,-0.05593185617759033
2009-10-29,2881.3,3334.18,2404.62,0.030409474584363494,0.04215154049464864,0.025904244507611196
2009-10-30,2868.66,3213.24,2307.09,-0.004396559405856593,-0.036946998184038904,-0.041404896781556566
2009-11-02,2916.21,3307.67,2376.29,0.01643980622868657,0.028964240133879215,0.029553457790292725
2009-11-03,2850.64,3195.66,2292.04,-0.0227412975403265,-0.03445037475700374,-0.0360981972172949
2009-11-05,2880.05,3359,2362.06,0.010264124634334237,0.04984967136392271,0.03009186894687499
2009-11-06,2877.42,3338.44,2315.89,-9.135957922250526e-4,-0.006139678619048183,-0.01974005675348156
2009-11-09,2935.58,3485.99,2430.69,0.020010989432233117,0.043248446465279144,0.048381104762811766
2009-11-10,2921.82,3490.86,2476.66,-0.004698338959933324,0.0013960457200461462,0.018735710604500078
2009-11-11,2966.8,3505.89,2446.1,0.015277221091927196,0.004296287024329715,-0.012415958764196766
2009-11-12,3025.97,3447.73,2449.86,0.019747770358762295,-0.01672836774991282,0.001535960563080252
2009-11-13,3003.96,3429.9,2437.76,-0.007300283005021058,-0.005184937236952791,-0.004951295198730499
2009-11-16,3049.74,3558.27,2535.1,0.01512492285003475,0.03674336545943646,0.03915349912881272
2009-11-17,3062.74,3544.56,2509.59,0.004253599063181568,-0.003860437889306567,-0.01011369080922453
2009-11-18,3056.44,3575.67,2553.84,-0.0020591001493475147,0.008738537369810118,0.017478715631813024
2009-11-19,3031.66,3484.1,2492.68,-0.00814051570876373,-0.02594280995485221,-0.024239671923139028
2009-11-20,3095.28,3532.02,2484.54,0.02076804625299644,0.013660184020851673,-0.0032709051467954
2009-11-23,3113.46,3578.97,2542.37,0.005856277427751522,0.013205104279247593,0.023009185107046193
2009-11-24,3115.64,3519.49,2499.51,6.999406299463828e-4,-0.016758956769757916,-0.017002004192915088
2009-11-25,3120.09,3484.16,2458.8,0.0014272589593886664,-0.010089110588527461,-0.0164212866129283
2009-11-26,3048.75,3357.3,2379.55,-0.023130177011202235,-0.037089902650844664,-0.03276203187463622
2009-11-27,3041.73,3420.99,2420.54,-0.002305238046512059,0.018792903359345914,0.017079261596244066
2009-11-30,3085.07,3411.8,2401.99,0.014147915036048175,-0.002689971605018826,-0.007693095320535193
2009-12-01,3135.32,3490.66,2477,0.016156894703454938,0.022850818818533014,0.030750590055432347
2009-12-02,3163.93,3547.46,2475.88,0.009083683525881625,0.016141024359516365,-4.522621259104298e-4
2009-12-03,3154.91,3557.19,2433.12,-0.0028549563295374725,0.0027390528972457417,-0.017421503971299934
2009-12-04,3185.97,3630.68,2497.48,0.009796825810338916,0.020449051217207526,0.026107839090487417
2009-12-07,3210.83,3609.62,2463.74,0.007772675449770006,-0.005817454910443942,-0.013601702877317656
2009-12-08,3245.82,3608.96,2443.15,0.01083854399233175,-1.8286144971568774e-4,-0.008392330314342722
2009-12-09,3273.29,3560.3,2418.99,0.008427580631662934,-0.013574831220253714,-0.00993809262913814
2009-12-10,3287.84,3544.26,2422.02,0.004435218887991255,-0.004515417493349716,0.001251805055421329
2009-12-11,3304.82,3519.31,2411.56,0.005151194676120241,-0.007064445815254672,-0.0043280617381560305
2009-12-14,3333.29,3587.18,2441.67,0.008577795355892093,0.01910143083326865,0.012408390424837101
2009-12-15,3360.71,3586.08,2478.59,0.008192456934773773,-3.0669458757159873e-4,0.015007618683069879
2009-12-16,3360.21,3718.89,2581.24,-1.487891541405162e-4,0.036365552748529595,0.04058005352281846
2009-12-17,3305.96,3685.75,2521.37,-0.016276571909983772,-0.00895120391420079,-0.023467499035263018
2009-12-18,3325.77,3683.62,2529.2,0.005974326132836438,-5.780684262877145e-4,0.00310064260989229
2009-12-21,3373.62,3690.29,2545.9,0.014285125572827795,0.0018090814287443635,0.006581174863798722
2009-12-22,3384.2,3646.02,2518.27,0.0031311898346402245,-0.012068884045302042,-0.010912064233773222
2009-12-23,3408.45,3644.68,2522.22,0.00714010085139094,-3.6759159342381054e-4,0.0015673082611344924
2009-12-24,3356.64,3570.52,2496.15,-0.015317168862249986,-0.020557326663805497,-0.010389921238155075
2009-12-25,3336.91,3582.96,2511.17,-0.005895244568632663,0.00347803098359023,0.005999235139150905
2009-12-28,3320.79,3595.18,2530.19,-0.004842522643311753,0.003404785029292867,0.007545618739406734
2009-12-29,3301.65,3606.41,2537.77,-0.0057803629154999925,0.0031187582471439157,0.0029913439144113596
2009-12-30,3297.37,3611.11,2524.71,-0.0012971624878055366,0.0013023865993719852,-0.00515953800205704
2009-12-31,3308.91,3610.78,2535.43,0.00349364899389748,-9.138881933345999e-5,0.004237043258721762
2010-01-11,3416.93,3950.31,2662.16,0.03212365709687681,0.08987024135843136,0.04877457544578867
2010-01-12,3431.04,3933.4,2623.52,0.004120935099926726,-0.004289865033797469,-0.014620895831326308
2010-01-13,3405.67,4062.22,2628.7,-0.007421732515394908,0.03222543039121106,0.001972499887479273
2010-01-14,3473.75,4269.29,2651.46,0.019793012372989693,0.049717914864856994,0.008621004273864585
2010-01-15,3515.67,4232.61,2645.12,0.011995416688252547,-0.00862871301306356,-0.002393998779589346
2010-01-18,3549.54,4365.22,2683.35,0.009587898863822275,0.030849764882439956,0.014349581022020885
2010-01-19,3572.68,4370.72,2692.02,0.006497996810493234,0.0012591663236438677,0.003225827252191671
2010-01-20,3643.59,4276.73,2658.52,0.01965344490923826,-0.02173905637041429,-0.01252226420212299
2010-01-21,3617.01,4179.38,2617.44,-0.007321741658097736,-0.023025788714571505,-0.0155728361095413
2010-01-22,3555.5,4116.01,2578.51,-0.01715201734684868,-0.01527866266442146,-0.014985028138594814
2010-01-25,3537.66,4087.33,2591.58,-0.005030208712932804,-0.006992302367690328,0.005056015598442265
2010-01-26,3515.25,3985.13,2525.98,-0.006354845139714627,-0.025322011100575637,-0.02563862208299117
2010-01-27,3532.15,3994.15,2521.33,0.004796104207320795,0.0022608565790704915,-0.0018425661651777503
2010-01-28,3582.66,4088.21,2549.6,0.01419879057598017,0.02327643082212738,0.011149944045586224
2010-01-29,3553.99,4087.13,2567.08,-0.008034625274595086,-2.642091965050497e-4,0.006832582066196302
2010-02-01,3632.4,4059.08,2555.77,0.02182267083604117,-0.00688666529798887,-0.004415518071279045
2010-02-02,3701.49,4123.23,2596.07,0.018841854456374207,0.015680489841169987,0.01564521492326243
2010-02-03,3790.84,4139.18,2582.59,0.023852189130726842,0.003860863794681535,-0.0052059916831606046
2010-02-04,3711.27,4044.61,2526.73,-0.02121349431945241,-0.02311257005175449,-0.02186679472092301
2010-02-05,3669.86,3882.04,2445.74,-0.011220621901291139,-0.04102434187387338,-0.03257824101338258
2010-02-08,3619.31,3860.61,2386.67,-0.013870114264982192,-0.005535586581535412,-0.024448646670188978
2010-02-09,3607.35,3972.17,2413.38,-0.0033099691750759774,0.028487342785005865,0.011129165607618674
2010-02-10,3613.55,3945.86,2392.37,0.0017172378854724002,-0.006645616859241699,-0.00874374815856882
2010-02-11,3654.28,3947.55,2404.69,0.01120841472719647,4.2820530691400904e-4,0.005136490720184739
2010-02-12,3628.05,3915.74,2368.34,-0.007203769516674896,-0.008090805127714873,-0.015231709324684317
2010-02-15,3660.04,3971.92,2401.64,0.00877876245947462,0.014245276808997787,0.013962549525252221
2010-02-16,3732.24,4131.65,2470.81,0.019534513283751664,0.039427237933091774,0.028394194782238813
2010-02-17,3734.23,4123.88,2453.61,5.330497670570367e-4,-0.0018823751580612225,-0.006985622650003798
2010-02-18,3707.95,4087.04,2430.84,-0.007062476111562077,-0.008973476104046085,-0.009323532821972513
2010-02-19,3707.05,4120.84,2471.88,-2.4275118123284756e-4,0.008236034410995074,0.01674211809626236
2010-02-24,3714.53,4080.17,2448.87,0.002015743960919636,-0.00991837186045963,-0.009352301057733214
2010-02-25,3711.06,4002.06,2383.81,-9.346059377328686e-4,-0.019329425661801736,-0.02692664562963465
2010-02-26,3771.64,4076.87,2413.93,0.01619237003517604,0.018520308585010525,0.01255607669993175
2010-02-27,3784.51,4115.67,2422.46,0.0034064999888965275,0.009472102692594575,0.0035274280381516476
2010-03-01,3782.88,4175.52,2452.27,-4.307958292653069e-4,0.014437261614695274,0.012230573425781266
2010-03-02,3791.23,4192.92,2472.29,0.002204880410449306,0.004158487143328671,0.008130720426224869
2010-03-03,3858.08,4286.81,2496.45,0.017479145699496712,0.022145478007823627,0.009724876088145429
2010-03-04,3849.76,4288.37,2518.68,-0.002158841706974002,3.63840763041523e-4,0.008865232044679594
2010-03-05,3886.16,4381.63,2567,0.0094107148564912535,0.02151409391848702,0.019002947125615677
2010-03-09,3890.97,4396.98,2551.83,0.0012369603216875191,0.0034971403546091295,-0.005927153045361955
2010-03-10,3867.09,4386.54,2537.19,-0.00615619766243114,-0.0023771802002734432,-0.00575357942647603
2010-03-11,3886.26,4353.91,2521.15,0.00494496935213995,-0.007466469481185456,-0.00634202278311502
2010-03-12,3901.47,4384.42,2550.38,0.0039061496326944223,0.006983056025580581,0.011527221041808922
2010-03-15,3879.39,4339.35,2520.36,-0.005675480414337741,-0.01033278066613974,-0.011840619212780013
2010-03-16,3890.09,4387.64,2553.25,0.0027543688289757284,0.011066929804341541,0.012965309012991533
2010-03-17,3884.5,4469.77,2574.28,-0.001438018201165292,0.018545456048148168,0.008202825890517573
2010-03-18,3913.48,4431.81,2566.11,0.007432728326474347,-0.008528874673030984,-0.0031787498144870696
2010-03-19,3939.5,4437.82,2561.98,0.006626807968793003,0.0013551863876610781,-0.0016107365092778991
2010-03-22,3928.72,4401.26,2563.87,-0.0027401386196643784,-0.008272401311256061,7.37438702127946e-4
2010-03-23,3967.13,4415.17,2547.11,0.009729238266748652,0.003155474844543704,-0.006558452615819554
2010-03-24,4020.13,4436.84,2526.88,0.01327132906582662,0.004896072934524653,-0.007974042989524754
2010-03-25,4068.83,4491.92,2547.55,0.012041248423301454,0.012337815933195273,0.008146772867904772
2010-03-26,4120.52,4564.37,2578.67,0.01262388014958482,0.016000270672803296,0.01214164913224014
2010-03-29,4144.27,4647.57,2620.31,0.005747288285474994,0.018064004409842127,0.01601886924460949
2010-03-30,4167.03,4632.4,2632.24,0.005476894563569701,-0.0032694100331642773,0.004542563331907168
2010-03-31,4206.84,4621.14,2640.81,0.00950822019503228,-0.0024336644262596963,0.0032504935647015287
2010-04-01,4208.11,4744.42,2686.1,3.018437446780098e-4,0.026327762758437956,0.01700463920895956
2010-04-02,4213.83,4767.12,2684.49,0.001358357072009042,0.004773158310410253,-5.995617048517587e-4
2010-04-05,4195.06,4769.3,2712.33,-0.004464330291920504,4.571946365565793e-4,0.010317278306417599
2010-04-06,4249.3,4797.02,2738.4,0.012846620930222485,0.005795348176468096,0.009565764142342559
2010-04-07,4237.54,4748.74,2701.55,-0.00277135129842776,-0.010115572083536861,-0.013548125866964966
2010-04-08,4240.5,4760.76,2698.28,6.98274629577611e-4,0.00252799966379591,-0.0012111493879345403
2010-04-09,4281.5,4836.33,2726.19,0.009622228664492027,0.01574884927386755,0.010290497059482817
2010-04-12,4323.81,4857.17,2731.04,0.009833542531866968,0.004299795142703289,0.0017774589954644426
2010-04-13,4383.31,4851.41,2716.83,0.013667188731602664,-0.001186579433001711,-0.005216729557134592
2010-04-14,4401.14,4916.55,2770.84,0.004059451527473001,0.013337680675100216,0.01968476384925477
2010-04-15,4446.17,4930.18,2771.02,0.010179453153135398,0.002768433521643132,6.496013975887394e-5
2010-04-16,4394.9,4782.7,2710.83,-0.011598273678458781,-0.030370257954141167,-0.021960622403445207
2010-04-19,4305.07,4686.89,2649.88,-0.020651379839629058,-0.020235991095008288,-0.022740505108363784
2010-04-20,4333.6,4713.7,2669.98,0.006605207451451989,0.005703912773075359,0.0075566257934429615
2010-04-21,4347.23,4641.06,2683.49,0.0031402552983248455,-0.015530373844503842,0.005047204403787475
2010-04-22,4219.49,4546.31,2655.33,-0.02982459299584761,-0.02062687350131398,-0.01054924539580604
2010-04-23,4291.23,4655.99,2692.14,0.01685913746820944,0.02383864773812938,0.013767475618375435
2010-04-26,4269.89,4717.35,2719.54,-0.004985339347651774,0.013092638592157257,0.01012633198508972
2010-04-27,4248.83,4646.81,2686.71,-0.004944414866290714,-0.015066238579203528,-0.012145351606231536
2010-04-28,4173.02,4560.55,2635.3,-0.018003656605293017,-0.018737732385366357,-0.01932036924752456
2010-04-29,4186.96,4656.85,2671.27,0.003334939298861528,0.02089602361642484,0.01355698724959531
2010-04-30,4178.97,4592.58,2645.69,-0.0019101289227521079,-0.013897296243055024,-0.009622113899752982
2010-05-04,4095.18,4400.81,2580.61,-0.020254132306163797,-0.042653342770810454,-0.024906095759017255
2010-05-05,3999.05,4308.41,2545.5,-0.023753839470650462,-0.021219688351612476,-0.013698710735661201
2010-05-06,3983.55,4273.38,2533.22,-0.003883451376712088,-0.008163843337436916,-0.004835873578905137
2010-05-07,3801.99,3998.49,2397.09,-0.046648767667443636,-0.0664882933527764,-0.05523571910030256
2010-05-11,3825.45,4247.03,2451.4,0.006151493549307219,0.06030312526710624,0.02240378824388234
2010-05-12,3952.4,4437.1,2540.93,0.03264688192122023,0.04378109477760006,0.03587086582427368
2010-05-13,3925.88,4421.14,2510.52,-0.006732459412562619,-0.0036034285071622207,-0.012040252747781643
2010-05-14,3854.13,4323.31,2467.91,-0.018445229314441036,-0.02237626881085575,-0.017118264397923966
2010-05-17,3830.71,4374.88,2476.21,-0.006095136009522051,0.011857778286463727,0.0033575268388092994
2010-05-18,3869.51,4381.5,2491.66,0.010077719436111465,0.0015120406517876717,0.006219989577471274
2010-05-19,3766.11,4253.97,2413.81,-0.027085245520355627,-0.029538466946766206,-0.03174274298139146
2010-05-20,3590.93,4034.66,2303.26,-0.04763141664133741,-0.05293062909675328,-0.04688090134981682
2010-05-21,3575.72,4080.88,2312.56,-0.004244667407169445,0.011390615963390971,0.004029625325230768
2010-05-24,3647.53,4033.28,2341.75,0.01988367172310035,-0.011732710726976237,0.012543377093304109
2010-05-25,3526.62,3844.21,2200.77,-0.033710321032179635,-0.04801182049768116,-0.06209121397854478
2010-05-26,3728.12,3984.24,2325.09,0.05556417998618279,0.035778458662811374,0.05495144883898018
2010-05-27,3797.24,4082.78,2424.71,0.01837040190126693,0.02443155006441522,0.04195318164187167
2010-05-28,3789.55,4125.09,2431.71,-0.0020272085120449646,0.010309708794240535,0.0028827839633960295
2010-05-31,3832.62,4220.59,2486.64,0.011301363892528116,0.02288709097144448,0.022337688056662586
2010-06-01,3823.42,4203.29,2447.69,-0.002403332382868939,-0.004107376724666878,-0.01578767898507749
2010-06-02,3895.52,4190.82,2484.43,0.018681864859340536,-0.0029711331334425495,0.014898534335897828
2010-06-03,3964.88,4188.27,2499.33,0.01764841490695268,-6.086579995479013e-4,0.005979438975447948
2010-06-04,3953.47,4109.97,2487.22,-0.0028819155245933814,-0.01887203163280482,-0.004857075054865767
2010-06-07,3868.84,4019.57,2464.56,-0.021638953778948533,-0.022240797475813423,-0.009152328324859127
2010-06-08,3885.87,3957.71,2411.25,0.004392176464998343,-0.015509356567514843,-0.021868007338210482
2010-06-09,3891.96,4031.8,2432.85,0.0015659898055240262,0.01854735119608364,0.008918124381869674
2010-06-10,3902.68,4062.53,2495.29,0.002750609844413887,0.007593005879787285,0.02534154529427113
2010-06-11,3930.92,4031.44,2496.44,0.007209998553861396,-0.007682300009749454,4.6076210866541345e-4
2010-06-15,3977.84,4129.25,2557.07,0.011865463229266737,0.023972160184838387,0.023996354742782167
2010-06-16,3981.41,4103.8,2556.86,8.97069507656667e-4,-0.0061824186815524484,-8.212861737177946e-5
2010-06-17,3972.59,4072.13,2518.81,-0.002217752983415977,-0.007747169655079489,-0.014993375378935525
2010-06-18,3953.21,4065.79,2540.45,-0.0048903678174667675,-0.0015581380211866502,0.008554662923764944
2010-06-21,3989.01,4272.95,2589.48,0.00901517270111718,0.049696389151419496,0.01911585266038962
2010-06-22,4001.31,4231.73,2555.97,0.00307872768938644,-0.009693562313875859,-0.013025283996030979
2010-06-23,3967.06,4182.16,2540.17,-0.008596541306227223,-0.011783033418089062,-0.006200791432557473
2010-06-24,3979.03,4124.86,2512.73,0.003012804801933555,-0.013795779663947627,-0.010861196440637322
2010-06-25,3941.59,4068.51,2489.6,-0.009453875795575328,-0.013755240756877285,-0.00924775648207632
2010-06-28,4002.74,4086.85,2516.95,0.015394931410872559,0.004497663111525441,0.010925796035379243
2010-06-29,3869.12,3969.37,2452.4,-0.03395203561072968,-0.02916711024124119,-0.025980714130918514
2010-06-30,3900.96,3944.98,2436.61,0.00819558568712253,-0.0061635073536638885,-0.006459407897192904
2010-07-01,3766.9,3767.9,2348.96,-0.034970294656657686,-0.045926067492681355,-0.03663505200019035
2010-07-02,3777.01,3856.61,2420.6,0.0026803092965224096,0.023270742173719938,0.03004276631335312
2010-07-05,3783.9,3875.35,2418.96,0.0018225324483864824,0.004847422049584438,-6.777475897710161e-4
2010-07-06,3890.33,3983.46,2481.76,0.027738763158012603,0.027514807059890956,0.02563029016170848
2010-07-07,3842.71,3955.27,2478.46,-0.012316140080557147,-0.007101921462375316,-0.001330586339668649
2010-07-08,3889.3,3945.78,2453.22,0.012051345994972706,-0.0024022135193693117,-0.010235952201185228
2010-07-09,3892.85,3963.68,2453.96,9.123443383227681e-4,0.0045262332850661835,3.015988839250028e-4
2010-07-12,3946.25,3983.53,2479.62,0.013624223700194449,0.004995474205241379,0.010402276392791343
2010-07-13,3979.22,4022.1,2522.76,0.008320059300213956,0.009635793417917426,0.017248217652731768
2010-07-14,3994.58,4012.84,2506.25,0.003852622086997215,-0.002304934224685695,-0.006565928210155114
2010-07-15,4012.1,3954.59,2470.96,0.004376352736111144,-0.01462229046816077,-0.014180872975519954
2010-07-16,4036.67,3910.61,2460.43,0.006105299646995022,-0.011183557541519562,-0.004270607680155081
2010-07-19,4029.96,3911.68,2470.1,-0.0016636443093620557,2.735771766779749e-4,0.0039225042332491356
2010-07-20,3990.57,3875.07,2463.05,-0.009822372509500354,-0.009403222077521534,-0.0028582162713570725
2010-07-21,4038.53,4002.81,2502.28,0.011946686531784323,0.032432887323988524,0.015801896875872856
2010-07-22,4059.37,4120.16,2541.96,0.005147024786060328,0.02889538307656636,0.01573312074739608
2010-07-23,4103.57,4133.35,2544.91,0.010829537391273902,0.0031962186339828946,0.0011598489171955606
2010-07-26,4098.59,4219.68,2587.46,-0.001214314427405938,0.0206710795960241,0.016581413615374352
2010-07-27,4076.33,4214.06,2602.19,-0.005445938312794496,-0.001332742254765762,0.00567669864289666
2010-07-28,4073.24,4177.93,2575.9,-7.583222545672896e-4,-0.008610644968014114,-0.010154410564875427
2010-07-29,4101.83,4225.37,2629.56,0.006994464037084924,0.011290922373197176,0.020617544200355553
2010-07-30,4104.11,4150.99,2615.51,5.556950352243462e-4,-0.017759970929317248,-0.005357424631220908
2010-08-02,4144.86,4307.81,2657.82,0.009880101755376458,0.037082794319019285,0.0160471307256973
2010-08-03,4128.03,4264.21,2618.05,-0.0040687167888417974,-0.0101727191471781,-0.015076472053808132
2010-08-04,4184.17,4337.8,2631.37,0.013508061317635267,0.017110371964587756,0.005074857255515042
2010-08-05,4193.18,4316.39,2622.26,0.0021510390455414807,-0.004947902387048231,-0.0034680817381289586
2010-08-06,4172.38,4274.58,2594.79,-0.00497277955397557,-0.009733552811049151,-0.010530952883462064
2010-08-09,4187.5,4325.09,2614.85,0.0036172807472691915,0.01174709746761593,0.007701146007218718
2010-08-10,4153.66,4231.82,2565.93,-0.00811402386747595,-0.021800788845732555,-0.0188857484865812
2010-08-11,4117.67,4162.37,2532.6,-0.008702403877514087,-0.01654753698253053,-0.013074542974034209
2010-08-12,4141.7,4119.09,2533.85,0.005818862165739347,-0.010452358408805651,4.934421637887709e-4
2010-08-13,4166.85,4113.34,2522.23,0.006054023100240613,-0.001396914625457768,-0.0045964543513363765
2010-08-16,4174.73,4134.94,2531.76,0.0018893308807239606,0.005237467538904639,0.003771282212702509
2010-08-17,4218.11,4268.45,2552.74,0.010337474873930219,0.031777945590588885,0.008252579042270725
2010-08-18,4212.4,4294.91,2547.1,-0.0013546039025236212,0.006179836935443106,-0.0022118349984863173
2010-08-19,4227.35,4299.34,2527.46,0.0035427626734580997,0.0010309219285797866,-0.007740611230987682
2010-08-20,4200.98,4234.65,2514.53,-0.006257487793096317,-0.015160842486215742,-0.00512893851225904
2010-08-23,4214.12,4245.22,2515.14,0.0031229600787643363,0.0024929640370121575,2.425606463205554e-4
2010-08-24,4162.32,4133.15,2465.59,-0.012368180355128544,-0.026753815977208717,-0.019897338238811457
2010-08-25,4090.85,4069.63,2477.57,-0.017319838705120105,-0.015487741889353757,0.004847111343885935
2010-08-26,4118.88,4145.28,2499.94,0.006828509321600507,0.018418251341248748,0.008988490474692412
2010-08-27,4134.72,4205.13,2516.56,0.0038383298069355476,0.014334870951367762,0.0066261580024811195
2010-08-30,4126.98,4217,2518.56,-0.0018737069282241947,0.0028187662406935488,7.944200357421494e-4
2010-08-31,4136.95,4220.79,2517.82,0.0024128967300480753,8.983395545243411e-4,-2.938618632128964e-4
2010-09-01,4149.38,4358.08,2560.19,0.003000124137770399,0.032009279079508346,0.016688026726234817
2010-09-02,4144.18,4361.16,2579.08,-0.0012539851840234206,7.064836219914383e-4,0.007351271705815066
2010-09-03,4245.21,4428.55,2584.99,0.02408634819708766,0.01533413968800268,0.002288893287745175
2010-09-06,4311.4,4447.9,2584.49,0.01547138885281818,0.0043598579727195386,-1.934430548367061e-4
2010-09-07,4300.27,4412.47,2573,-0.0025848659312579514,-0.007997451311721804,-0.004455663126512022
2010-09-08,4330.93,4518.25,2610.61,0.007104488126872255,0.02369012736416387,0.014511377202650166
2010-09-09,4360.4,4553.09,2637.18,0.006781496719256097,0.00768137261013635,0.01012625392499178
2010-09-10,4399.51,4545.96,2635.67,0.008929374814396596,-0.0015671968962323035,-5.727453052060127e-4
2010-09-13,4467.65,4557.74,2645.54,0.015369372226734512,0.0025879601864620128,0.003737784140819933
2010-09-14,4397.68,4505.66,2637.29,-0.015785414173400625,-0.011492502419748973,-0.0031233284836673647
2010-09-15,4386.32,4517.02,2650.41,-0.0025865223891834432,0.002518100165948667,0.004962470232628746
2010-09-16,4394.71,4514,2647.15,0.0019109381366728684,-6.688059848318773e-4,-0.0012307554464729975
2010-09-17,4433.66,4497.93,2619.71,0.008823883168290081,-0.003566387451526154,-0.010419964941507764
2010-09-20,4497.05,4536.37,2633.21,0.014196198194644793,0.008509841819911657,0.005140009641170451
2010-09-21,4522.25,4575.05,2648.53,0.0055880313493865685,0.008490494865782239,0.005801134839598987
2010-09-22,4502.14,4577.55,2638.68,-0.0044568183084834345,5.462928702613112e-4,-0.003725976988071089
2010-09-23,4457.89,4600.1,2625.53,-0.009877279373910142,0.004914121889418865,-0.004996011691074109
2010-09-24,4467.47,4660.78,2631.07,0.0021466929466047446,0.013104773715811646,0.0021078271320460473
2010-09-27,4459.24,4665.27,2597.52,-0.0018439049396299367,9.628943329520467e-4,-0.012833463884650342
2010-09-28,4433.95,4654.36,2576.33,-0.005687513293423763,-0.0023412957346486962,-0.008191238045514915
2010-09-29,4464.83,4680.13,2589.6,0.006940305064693675,0.005521472618230661,0.005137518002548802
2010-09-30,4516.64,4738.76,2625.46,0.011537214885672498,0.012449610785788323,0.013752695156526329
2010-10-01,4566.04,4730.16,2656.99,0.010877953891078818,-0.0018164695371147843,0.011937784340963375
2010-10-04,4600.46,4759.3,2679.19,0.0075099900231734296,0.0061415700353784075,0.008320606906054628
2010-10-05,4599.09,4711.39,2690.52,-2.978406574509762e-4,-0.010117617342828567,0.0042199734488015395
2010-10-06,4621.98,4775.61,2677.32,0.0049647268737817996,0.013538733201862385,-0.004918189293062092
2010-10-07,4661.36,4776.46,2657.39,0.008484066340789909,1.7797189556745252e-4,-0.007471856097883034
2010-10-08,4670.26,4758.63,2654.38,0.0019074935967342554,-0.0037398746696357676,-0.0011333323250743987
2010-10-11,4744.03,4823.92,2686.47,0.015672240803594306,0.01362706384889023,0.012016958412323753
2010-10-12,4789.11,4817.57,2679.59,0.00945760494850667,-0.001317223980557003,-0.002564266433819462
2010-10-13,4830.24,4897.1,2705.12,0.008551565469655742,0.016373541618506238,0.009482475861791073
2010-10-14,4831.17,4926.18,2693.95,1.9251848392265458e-4,0.005920646657250117,-0.004137755553016653
2010-10-15,4842.28,4953.1,2691.31,0.0022970098330858946,0.005449803351613269,-9.80454132756492e-4
2010-10-18,4900.65,4941.28,2705.47,0.011982165192161887,-0.0023892362377058163,0.005247585595050452
2010-10-19,4900.41,4861.11,2693,-4.897429462680236e-5,-0.01635760005260245,-0.004619835686335172
2010-10-20,4916.8,4835.19,2681.21,0.003339037308544235,-0.005346381968582392,-0.004387628661470799
2010-10-21,4921.53,4897.13,2719.01,9.615453769971083e-4,0.012728894305878313,0.013999658298308404
2010-10-22,4896.33,4786.57,2711.85,-0.005133512871680068,-0.022835239471271862,-0.0026367846523029925
2010-10-25,4910.83,4816.72,2728.27,0.002957025390767143,0.006279118731415068,0.0060366498766928345
2010-10-26,4916.65,4829.25,2729.45,0.001184433991298306,0.002597977610875546,4.324150078742761e-4
2010-10-27,4938.64,4737.54,2702.1,0.004462585371635797,-0.019173162459596327,-0.01007087522289396
2010-10-28,5040.26,4743.18,2698.34,0.020367678401184364,0.0011897831948051163,-0.0013924793563306892
2010-10-29,5028.09,4793.42,2731.27,-0.002417477725146,0.010536347289457737,0.012129933370076174
2010-11-01,5054.39,4829.06,2752.77,0.005216982260385805,0.007407687617982717,0.007840974957566083
2010-11-02,5035.17,4827.88,2755.7,-0.0038098833345596717,-2.4438383294800303e-4,0.0010638163687284319
2010-11-03,5017.82,4815.78,2755.67,-0.0034517128189968105,-0.0025094220139809664,-1.088658536829712e-5
2010-11-08,5001.69,4987.24,2799.05,-0.0032197211109998847,0.03498462463134899,0.015619466666111137
2010-11-09,5005.84,5175.31,2848.2,8.293755278039328e-4,0.03701659020760495,0.01740714190673831
2010-11-10,4966.6,5103.23,2823.37,-0.00786972947834741,-0.014025568146243117,-0.008756008878680888
2010-11-11,4981.44,5044.88,2813.67,0.0029835044909223285,-0.01149980499667258,-0.0034415258979816343
2010-11-12,4952.56,5060.5,2793.47,-0.0058143912547787835,0.0030914250507958485,-0.007205130383164615
2010-11-13,4955.74,5000.21,2774.53,6.418861175347956e-4,-0.011985381094694603,-0.0068031871589466775
2010-11-15,5010.46,5086.47,2801.7,0.010981226521071363,0.017104161716947175,0.009745012317227797
2010-11-16,5029.01,5009.27,2761.47,0.003695418405568418,-0.015293877371659548,-0.014463229162602786
2010-11-17,5047.75,5035.46,2763.87,0.003719453793603833,0.005214686576662686,8.68724875187965e-4
2010-11-18,5113.82,5111.52,2781.63,0.013004079304133498,0.014991933478970765,0.0064052152987459365
2010-11-19,5134.05,5141.49,2792.97,0.00394814264397958,0.0058461047744735595,0.004068458953816467
2010-11-22,5124.14,5158.59,2777.29,-0.0019321153308506922,0.003320365610825604,-0.005629913654296104
2010-11-23,5156.15,5140,2745.06,0.006227470907784749,-0.0036102068712704494,-0.01167269946638605
2010-11-24,5218.74,5187.35,2771.62,0.012065816474134294,0.00916989000902646,0.009629054147435312
2010-11-25,5298.02,5216.66,2779.42,0.015077172404660999,0.005634380885863877,0.002810286048563704
2010-11-26,5372.9,5192.73,2777.03,0.01403463414489714,-0.004597779919059519,-8.602615509518685e-4
2010-11-29,5346.86,5198.55,2757.57,-0.004858327279572805,0.0011201701058123348,-0.0070321541550546485
2010-11-30,5385.67,5210.63,2764.65,0.007232249835659843,0.0023210292113482467,0.0025641875475015397
2010-12-01,5414.43,5284.6,2838.94,0.005325889201330369,0.01409616079431153,0.026516698381715997
2010-12-02,6002.16,5481.34,2884.45,0.10305179268909903,0.036552666061492545,0.01590349747255626
2010-12-03,6020.4,5622.77,2919.05,0.00303429785246756,0.02547482842529547,0.01192398034121922
2010-12-06,6022.71,5681.02,2964.52,3.83621843250026e-4,0.010306369034580598,0.01545690976368519
2010-12-07,6051.87,5761.17,2970.1,0.004829991053766136,0.01400978500496386,0.0018804916386745418
2010-12-08,6053.21,5687.84,2922.52,2.2139465504977807e-4,-0.012810016370627508,-0.016149364484840056
2010-12-09,6080.61,5737.98,2932.49,0.004516310044694549,0.00877666930798604,0.0034056336833883094
2010-12-10,6139.48,5647.04,2928.03,0.009635028126027123,-0.015975717945336143,-0.0015220495317880278
2010-12-13,6134.92,5633.94,2930.02,-7.430098758050008e-4,-0.00232249430252196,6.794069960305293e-4
2010-12-14,6164.03,5682.65,2933.56,0.004733746272473027,0.008608653458340498,0.0012074536136941205
2010-12-15,6189.02,5726.24,2932.85,0.004045969876305122,0.007641446645145322,-2.4205604567928418e-4
2010-12-16,6157.8,5662.04,2914.45,-0.0050571833942445465,-0.011274868567472396,-0.006293523757256558
2010-12-17,6135.05,5723.05,2938.25,-0.0037013428086734024,0.010717628759145725,0.008133043275821983
2010-12-20,6104.87,5711.79,2935.93,-0.00493141477426029,-0.0019694204098072987,-7.898975246343198e-4
2010-12-21,6094.99,5726.72,2953.16,-0.0016196910718537794,0.0026104813439022934,0.005851514975398153
2010-12-22,6099.15,5792.35,2970.62,6.822949648572774e-4,0.011395140435038087,0.005894901755644
2010-12-23,6093.43,5785.55,2977.18,-9.382756429960892e-4,-0.0011746518421986707,0.002205858522471793
2010-12-24,6096.96,5739.78,2965.22,5.791447359211332e-4,-0.007942547521478716,-0.004025315074430047
2010-12-27,6072.48,5671.43,2952.41,-0.004023197948249901,-0.011979591543855861,-0.004329442702329267
2010-12-28,6034.42,5703.84,2949.58,-0.006287344469372513,0.005698341700719922,-9.589986485547541e-4
2010-12-29,6082.35,5827.63,2961.68,0.00791139057604262,0.02147076747357346,0.004093887563590748
2010-12-30,6127.99,5887.72,2981.75,0.007475666124170388,0.010258426246743113,0.006753701578658067
2011-01-11,6160.76,6054.54,3058.83,0.005333345975362391,0.027939577898660417,0.02552211343094868
2011-01-12,6184.22,6147.35,3146.48,0.0038007397729593606,0.0152126908011887,0.028251877788189717
2011-01-13,6113.48,6060.71,3122.2,-0.01150471718317192,-0.014194139713357146,-0.0077464861553497855
2011-01-14,6120.67,5994.51,3114.95,0.001175398507912817,-0.010982904574470709,-0.002324780794204173
2011-01-17,6097.89,6098.75,3166.22,-0.0037287579540841165,0.017239781787882436,0.01632534661172258
2011-01-18,6056.17,6119.67,3146.76,-0.006865222626782241,0.0034243413538774803,-0.006165095291578382
2011-01-19,6071.55,6046.37,3161.3,0.0025363395996915727,-0.012050081531068457,0.004609983338861312
2011-01-20,6104.55,5937.43,3111.99,0.005420468097176112,-0.018181712153138463,-0.015720942461857845
2011-01-21,6157.87,5951.7,3146.51,0.008696543756993691,0.0024005132171183163,0.011031509170862819
2011-01-24,6082.06,5872.83,3089.99,-0.012387484146788807,-0.013340262937438396,-0.018126047455773175
2011-01-25,6091.58,5814,3061.13,0.0015640353979016197,-0.010067827960575926,-0.009383725815885313
2011-01-26,6137.99,5873.14,3120.22,0.007589837220697504,0.010120612021845332,0.019119383313414673
2011-01-27,6132.92,5859.84,3135.79,-8.263446294538568e-4,-0.00226711469662888,0.0049776238042475995
2011-01-28,6124.92,5774.41,3110.46,-0.0013052872505845414,-0.014686212775355756,-0.008110510738852383
2011-01-31,6078.98,5769.64,3096.82,-0.00752877637463456,-8.263997940876067e-4,-0.00439484668142498
2011-02-01,6082.28,5857.24,3176.9,5.427069367804904e-4,0.015068815984855988,0.02553010001658862
2011-02-02,6076.41,5915.88,3212.33,-9.655646218558189e-4,0.009961757789858083,0.011090651976628507
2011-02-03,6070.64,5816.58,3176.39,-9.500249746192679e-4,-0.01692780051131315,-0.01125119871732494
2011-02-04,6107.85,5842.28,3245.94,0.006110793011384175,0.004408671452653223,0.021659652817353603
2011-02-07,6137.29,5816.14,3249,0.004808447551258865,-0.004484320140184295,9.422720537557439e-4
2011-02-08,6086.54,5658.43,3172.15,-0.008303500881931214,-0.027490342890624575,-0.023937665255644447
2011-02-09,6105.91,5604.43,3172.56,0.003177378836278777,-0.009589112140112377,1.2924152579785186e-4
2011-02-10,5998.17,5416.13,3094.12,-0.01780273189756798,-0.03417581816147219,-0.02503529681368377
2011-02-11,6005.81,5562.64,3157.54,0.0012729113230101063,0.026691277438844807,0.020289707269032675
2011-02-14,5989.93,5603.21,3146.32,-0.002647608113603539,0.007266832087301722,-0.003559727483795072
2011-02-15,5948.15,5568.06,3137.7,-0.006999479074714543,-0.0062929489661360805,-0.0027434684824747535
2011-02-16,6027.87,5545.69,3155.86,0.013313467665696521,-0.004025649346152349,0.005770994604198165
2011-02-17,5972.29,5527.26,3137.48,-0.00926327606211963,-0.0033288359504553,-0.005841112114801206
2011-02-18,5979.96,5489.52,3144.61,0.0012834405325943266,-0.006851393534443417,0.0022699461680861788
2011-02-21,6020.07,5613.82,3205.17,0.006685008183143992,0.022390594720201662,0.019075254983954792
2011-02-22,5961.25,5564.61,3207.32,-0.009818696529805493,-0.008804513316082563,6.705663729889011e-4
2011-02-24,5807.94,5459.81,3283.15,-0.026054243739675798,-0.019012910792664428,0.023367629932838696
2011-02-25,5924.96,5610.87,3308.78,0.019947989052932158,0.027291797108283333,0.007776213992761072
2011-02-28,5996.13,5706.39,3375.08,0.011940325182512979,0.016880811837003407,0.01983948636104671
2011-03-01,5914.39,5654.36,3323.05,-0.013725896655326864,-0.009159670580555002,-0.015535991843412589
2011-03-02,5877.71,5693.74,3342.23,-0.006221134200115941,0.006940396731581089,0.005755212966514378
2011-03-03,5870.92,5687.58,3340.89,-0.0011558795801711597,-0.0010824756006346803,-4.0101031193628955e-4
2011-03-04,5851.58,5615.05,3320.31,-0.0032996404431173687,-0.01283435724194959,-0.006179086495095021
2011-03-05,5881.07,5678.34,3348.88,0.005027007897275837,0.011208443627289455,0.00856780951524172
2011-03-09,5891.94,5614.72,3362.95,0.0018465971045333873,-0.011267215979723133,0.004192603391357963
2011-03-10,5836.08,5459.35,3277.92,-0.009525976663368851,-0.028061985466790063,-0.02560949007118829
2011-03-11,5747.61,5391.17,3258.16,-0.015275222357738372,-0.012567305040480647,-0.006046456041383763
2011-03-14,5683.71,5434.62,3280.6,-0.011179927702931636,0.008027170914983728,0.006863713638880498
2011-03-15,5584.45,5359.49,3213.54,-0.017618238919473228,-0.013920779623537882,-0.02065319925734954
2011-03-16,5566.53,5350.71,3233.35,-0.0032140700506140263,-0.0016395589189421855,0.006145618228218908
2011-03-17,5569.02,5428.57,3277.81,0.00044721635509681334,0.014446485130083175,0.013656765002592053
2011-03-18,5568.68,5442.45,3283.68,-6.105389804034189e-5,0.0025535796166984426,0.0017892282289508898
2011-03-21,5569.68,5467.81,3282.34,1.7955964840155048e-4,0.004648843505618672,-4.0816202771232213e-4
2011-03-22,5544.53,5440.77,3256.96,-0.004525745496554379,-0.0049575756663848836,-0.00776233769267165
2011-03-23,5607.37,5496.16,3330.14,0.011269947742832187,0.010129071608739437,0.022220100172376078
2011-03-24,5654.83,5618.08,3366.28,0.008428243317331052,0.02194030194589125,0.010793931947366886
2011-03-25,5768.33,5680.22,3365.49,0.019872563327277604,0.010999995853641309,-2.34707960499847e-4
2011-03-28,5772.25,5697.48,3374.03,6.79341965613034e-4,0.0030340074426540298,0.002534306470142411
2011-03-29,5691.92,5607.84,3328.03,-0.01401432720191309,-0.015858353165189243,-0.01372733826625172
2011-03-30,5744.95,5680.28,3380.9,0.009273582727590934,0.012834908637898934,0.0157614088987188
2011-03-31,5768.79,5690.48,3381.68,0.004141145113491618,0.0017940758112739985,2.3068119074665105e-4
2011-04-01,5775.84,5734.89,3440.84,0.0012213472196798136,0.007773966822608003,0.01734300019238333
2011-04-04,5776.35,5730.05,3471.22,8.829494673001648e-5,-8.443132345252735e-4,0.00879048955838968
2011-04-05,5738.3,5737.82,3482.09,-0.006608996104647602,0.0013550905597963236,0.003126571044560933
2011-04-06,5751.46,5800.6,3506.91,0.0022907364043689427,0.010882013225968379,0.0071026196427368404
2011-04-07,5774.46,5751.72,3489.79,0.003991009920069288,-0.008462419964379464,-0.004893745384784154
2011-04-08,5744.34,5735.39,3504.93,-0.005229723347655479,-0.0028431887568931558,0.0043289863336291035
2011-04-11,5693.27,5674.51,3486.36,-0.008930246686029264,-0.010671535729251502,-0.005312336828211528
2011-04-12,5648.22,5545.87,3389.97,-0.007944324234964384,-0.02293070942579689,-0.028037140193900356
2011-04-13,5634.3,5524.42,3398.72,-0.0024675351008323076,-0.003875242083770658,0.002577818355359085
2011-04-14,5581.51,5470.51,3329.62,-0.009413567068746076,-0.009806416598230783,-0.020540706784311524
2011-04-15,5567.12,5505.46,3318.87,-0.0025814845395935038,0.0063684791637950156,-0.0032338198202168655
2011-04-18,5432.32,5305.08,3202.1,-0.024511565881262243,-0.03707547501796071,-0.03581751897869978
2011-04-19,5451.99,5423.01,3309.51,0.0036143809600535093,0.021986159789666004,0.032993297608937766
2011-04-20,5462.57,5504.86,3371.07,0.0019386953415949648,0.014980326570272595,0.018430059211105743
2011-04-21,5447.75,5511.63,3353.49,-0.002716695590017082,0.0012290667630487917,-0.005228606793792778
2011-04-22,5511.79,5545.33,3375.67,0.01168675489692994,0.006095726918008637,0.0065922285467578945
2011-04-25,5472.13,5489.65,3331.99,-0.007221496943833117,-0.010091630894031312,-0.01302410004120702
2011-04-26,5466.98,5466.93,3318.38,-9.415757553377091e-4,-0.004147285478730112,-0.0040930110656667296
2011-04-27,5421.14,5405.97,3269.66,-0.00842023615447296,-0.011213317284287427,-0.014790708065781644
2011-04-28,5506.8,5370.04,3283.66,0.01567756676847054,-0.0066685411666878025,0.004272649984471855
2011-04-29,5439.14,5430.45,3253.62,-0.012362732071355964,0.011186646157646862,-0.00919043132352293
2011-05-03,5357.76,5235.5,3168.29,-0.015074982849252905,-0.03655965269487105,-0.026576212462460447
2011-05-04,5296.61,5070.97,3110.65,-0.011478984015305116,-0.031930229942897626,-0.01836030259820376
2011-05-05,5254.27,5072.89,3066.52,-0.008025913910191917,3.785541249445856e-4,-0.014288339412223294
2011-05-06,5331.46,5123.55,3139.07,0.014584042508396067,0.009936883236431271,0.02338320955051998
2011-05-10,5329.53,5166.9,3120.54,-3.6206769185298526e-4,0.008425337363815899,-0.005920513938360017
2011-05-11,5358.9,5092.95,3083.01,0.005495675963723912,-0.014415665069822836,-0.012099671275729307
2011-05-12,5330.51,5070.09,3011,-0.005311811737556127,-0.004498661533023807,-0.02363414299305866
2011-05-13,5315.65,5095.69,3002.33,-0.0027916186964116463,0.005036515469575065,-0.002883595614301626
2011-05-16,5316.53,5071.65,2975.86,1.655351963592011e-4,-0.004728875949670197,-0.008855581031759208
2011-05-17,5298.17,5023.18,2947.56,-0.003459356987901785,-0.009603009160615628,-0.009555363397235617
2011-05-18,5284.78,5106.4,2984.3,-0.0025304867064637193,0.01643145567559401,0.012387504024818696
2011-05-19,5360.38,5155.4,2995.23,0.0142038768832915,0.009550054067290148,0.0036558097954983992
2011-05-20,5323.02,5115.64,2953.41,-0.006994056628837342,-0.007742195260899365,-0.014060588296730181
2011-05-23,5267.24,5020.69,2907.48,-0.010534305263888655,-0.018735139308672544,-0.01567370835468651
2011-05-24,5273.72,5092.58,2952.22,0.0012294896890381324,0.014217203914538956,0.015270703081377235
2011-05-25,5276.07,5153.21,2976.08,4.455065056028218e-4,0.011835243103181625,0.00804956862339079
2011-05-26,5337.83,5136.59,2959.81,0.01163770094740002,-0.003230386295753007,-0.005481921243402965
2011-05-27,5373.57,5229.61,3023.98,0.006673288764002194,0.01794727032729604,0.02144876745223634
2011-05-30,5373.45,5252.6,3033.74,-2.2331771971195735e-5,0.004386486602165007,0.003222337263924402
2011-05-31,5380.56,5284.5,3087.97,0.0013222976426412458,0.006054815358409016,0.017717735286705505
2011-06-01,5369.47,5255.99,3058.79,-0.0020632507879838613,-0.005409628874286199,-0.009494504162759654
2011-06-02,5371.87,5287.01,3076.11,4.468716268064554e-4,0.005884490090359407,0.00564639880554374
2011-06-03,5338.06,5260.91,3033.01,-0.00631378773092095,-0.004948853094871808,-0.014110285965596603
2011-06-06,5302.62,5213.4,3036.86,-0.00666125304887899,-0.009071781497388187,0.00126856111129392
2011-06-07,5322.57,5267.94,3097.88,0.003755231378296031,0.01040716020345478,0.01989391969902954
2011-06-08,5315.54,5243.86,3103.02,-0.0013216635329644788,-0.004581525927182639,0.0016578242439724278
2011-06-09,5346.75,5317.58,3145.97,0.005854293803240651,0.013960444275580741,0.013746437851075655
2011-06-10,5371.01,5317.66,3127.74,0.004527073088556932,1.504432434096259e-5,-0.005811569648205506
2011-06-14,5376.91,5295.85,3125.83,0.0010978869572220162,-0.004109861996516528,-6.108511008573458e-4
2011-06-15,5357.88,5295.37,3115.94,-0.003545485274450755,-9.064111600487479e-5,-0.0031689755555284194
2011-06-16,5340.06,5281.88,3105.66,-0.0033314855910031582,-0.002550758905055517,-0.003304619183243318
2011-06-17,5305.84,5252.37,3053.51,-0.0064287881451736695,-0.005602691637957236,-0.01693450457805845
2011-06-20,5277.8,5162.49,3008.94,-0.005298756497035484,-0.01726038207246816,-0.014703891336459662
2011-06-21,5275.58,5151.8,3033.23,-4.207182974074186e-4,-0.0020728530665046208,0.008040201070732778
2011-06-22,5294.23,5174.21,3036.27,0.0035289223466623554,0.004340502320570039,0.0010017300450488875
2011-06-23,5263.99,5086.39,2972.08,-0.005728253945919803,-0.01711832534791924,-0.021367743991783428
2011-06-24,5308.29,5136.81,3026.75,0.00838045516632846,0.009863919087658601,0.0182273922120757
2011-06-27,5315.71,5118.55,3003.03,0.0013968375765180951,-0.0035610684162374895,-0.00786765764442876
2011-06-28,5307.38,5159.33,3051.01,-0.001568282243171737,0.007935530284806092,0.015850904381775166
2011-06-29,5296.5,5153.95,3063.59,-0.002052079770423987,-0.0010433151214765957,0.004114747571216881
2011-06-30,5290.31,5133.04,3087.57,-0.0011693797669689587,-0.004065334718552194,0.00779694284758925
2011-07-01,5374.58,5180.3,3146.91,0.01580358613834676,0.009164893390678941,0.01903664524605908
2011-07-04,5411.13,5184.95,3171.93,0.006777512080194725,8.972287811577218e-4,0.007919216425335662
2011-07-05,5400.67,5168.48,3178.14,-0.001934923558234658,-0.003181557009195757,0.0019558845744018782
2011-07-06,5401.84,5171.47,3161.94,2.1661632427694144e-4,5.783393697917916e-4,-0.005110356732483723
2011-07-07,5468.76,5226.77,3229.94,0.012312263421517144,0.010636515672835856,0.02127779793546125
2011-07-08,5447.82,5193.88,3218.23,-0.0038363710397320006,-0.006312487074273676,-0.0036320422299436217
2011-07-11,5416.01,5138.88,3169.71,-0.00585614666445089,-0.010645852501621533,-0.015191417926141426
2011-07-12,5449.21,5170.46,3164.69,0.006111262050485067,0.006126502526253574,-0.0015849965429843849
2011-07-13,5501.11,5164.39,3185.39,0.009479246017846776,-0.0011746664340499535,0.006519625995885292
2011-07-14,5476.83,5212.2,3178.21,-0.004423423627729406,0.009215038528600061,-0.0022565852809162124
2011-07-15,5509.63,5192.37,3164.68,0.0059710038449445335,-0.0038117911668447135,-0.00426620058712146
2011-07-18,5507.46,5182.73,3120.31,-3.939334303453279e-4,-0.001858295876496996,-0.014119588779443859
2011-07-19,5542.42,5194.68,3142.44,0.006327691639883781,0.0023030804954373707,0.0070672123612585125
2011-07-20,5497.51,5164.62,3171.6,-0.00813596603068234,-0.0058034972188849565,0.00923662419487492
2011-07-21,5470.26,5172.25,3244.47,-0.004969115156796988,0.0014762691967131758,0.022715816203216832
2011-07-22,5489.82,5133.64,3274.38,0.0035693208017235634,-0.007492837714879741,0.009176529568827974
2011-07-25,5471.79,5136.27,3264.56,-0.003289665707848499,5.121758725223913e-4,-0.003003547175053356
2011-07-26,5455.28,5152.43,3254.77,-0.003021855367189019,0.00314131295279374,-0.0030033783714120688
2011-07-27,5434.8,5106.37,3212.14,-0.0037612256556229795,-0.008979668090116633,-0.013184230956600373
2011-07-28,5446.05,5145.6,3246.21,0.002067853891702498,0.0076532006004192965,0.010550780323923092
2011-07-29,5417.9,5078.13,3200.15,-0.005182288762364706,-0.013198896977488772,-0.014290478301926868
2011-08-01,5429.23,5122.86,3249.77,0.002089032605011809,0.00876979326103644,0.015386540899534396
2011-08-02,5409.25,5116.23,3223.64,-0.003686868016979261,-0.0012950371422881801,-0.008073068727975752
2011-08-03,5293.61,4898.09,3102.66,-0.021610018297874234,-0.043572506495678454,-0.03825134779831352
2011-08-04,5219.21,4718.68,3036.41,-0.014154383342352972,-0.03731623373995596,-0.02158391155154149
2011-08-05,5086.48,4570.65,2981.54,-0.02576001017803975,-0.03187367272848718,-0.018235950972018244
2011-08-08,4676.66,4261.72,2826.83,-0.08400185933864002,-0.06998259207723656,-0.053284003071571995
2011-08-09,4658.07,4312.58,2804.53,-0.003982980670290459,0.01186349824769728,-0.00791997548219836
2011-08-10,4717.79,4188.96,2676.99,0.01273927035090594,-0.029083839809079137,-0.04654293799660003
2011-08-11,4446.27,4205.39,2713.24,-0.05927492716608107,0.003914542753308936,0.01345046371391767
2011-08-12,4548.04,4291.98,2765.85,0.02263082848134168,0.020381129071065374,0.01920450911683158
2011-08-15,4697.87,4372.64,2861.15,0.032412843579981754,0.018618780768866472,0.03387564007701549
2011-08-16,4606.16,4281.84,2810.07,-0.019714676410009346,-0.020984121941793887,-0.01801424784675376
2011-08-17,4641.87,4378.04,2873.62,0.007722764195564835,0.022218311898562604,0.022363164945028657
2011-08-18,4485.49,4204.48,2783.3,-0.034269559681055384,-0.04045051217966389,-0.03193528493739972
2011-08-19,4461.26,4157.52,2755.02,-0.005416505264895122,-0.011231880814662532,-0.010212571968378548
2011-08-22,4499.48,4216.63,2752.84,0.008530597199703394,0.014117488158779778,-7.915960514015552e-4
2011-08-23,4529.41,4180.95,2756.71,0.0066298536433411215,-0.008497737374034031,0.0014048336566405695
2011-08-24,4484.52,4197.78,2787.98,-0.009960221815028092,0.004017320676224401,0.01127937955950209
2011-08-25,4420.29,4139.46,2739.43,-0.014426161574936813,-0.013990469570369868,-0.01756744970957591
2011-08-26,4358.68,4219.9,2758.82,-0.014036045568399658,0.019246086537426876,0.0070531825156781025
2011-08-29,4497.89,4343.82,2863.78,0.03143913869597803,0.02894271422434791,0.03733937842796653
2011-08-30,4533.26,4363.61,2875.57,0.00783292954785253,0.004545551115569424,0.004108484962322301
2011-08-31,4644.33,4473.02,2934.38,0.02420579327010053,0.024764099288189456,0.020245271885610094
2011-09-01,4707.35,4467.42,2966.3,0.01347799625219892,-0.0012527349285633704,0.010819197572412342
2011-09-02,4652.77,4385.86,2901,-0.01166237582894425,-0.018425331042619675,-0.022259879786545866
2011-09-05,4630.97,4311.54,2850.89,-0.0046963917706790426,-0.017090580860775972,-0.017424278906423396
2011-09-06,4667.13,4307.02,2861.81,0.0077779723377897625,-0.0010488992162045463,0.00382306555583245
2011-09-07,4733.06,4440.07,2959.72,0.014027606059906716,0.03042389242099297,0.03364037747834736
2011-09-08,4775.63,4494,2973.16,0.008953974609683613,0.01207303167751661,0.004530690993383324
2011-09-09,4704.06,4344.65,2894,-0.015099936785503587,-0.03379797064933143,-0.026985732051114653
2011-09-12,4598.39,4314.05,2841.03,-0.02271972338626682,-0.007068065042473037,-0.01847296573090329
2011-09-13,4592.46,4358.29,2854.09,-0.0012904140145622023,0.010202640523491624,0.0045863907672050175
2011-09-14,4647.44,4350.5,2871.33,0.011900702147176645,-0.0017889975708822448,0.006022283816681906
2011-09-15,4694.52,4393.1,2928.3,0.010079340648633917,0.009744347197981895,0.01964671280461605
2011-09-16,4685.03,4301.09,2907.52,-0.002023551926964018,-0.021166649273062887,-0.007121565718045453
2011-09-19,4638.77,4220.88,2888.68,-0.009923074195329562,-0.01882484183478006,-0.006500833770219039
2011-09-20,4725.17,4284.6,2952.81,0.0184542942447532,0.014983561686900515,0.02195760896538257
2011-09-21,4684.8,4243.8,2916.95,-0.008580313789661176,-0.009568104513119735,-0.012218709503515335
2011-09-22,4489.89,3905.91,2692.37,-0.042495022777155,-0.08296830357348917,-0.08011670322326658
2011-09-23,4365.06,3660.47,2577.89,-0.028196267666084296,-0.06489923624509153,-0.043450611746022716
2011-09-26,4315.82,3626.06,2649.08,-0.01134459365803231,-0.009444895114119944,0.027241175038214216
2011-09-27,4392.87,3719,2712.75,0.01769543077866942,0.025308155587770997,0.023750470608760565
2011-09-28,4391.2,3703.08,2702.68,-3.8023376865581326e-4,-0.004289909140043235,-0.0037190072095931725
2011-09-29,4418.86,3707.63,2763.67,0.0062792060173180175,0.001227952671669641,0.022315633283783498
2011-09-30,4337.7,3562.3,2704.86,-0.018537490550807334,-0.03998645480659491,-0.021509351640707663
2011-10-03,4250.03,3477.48,2680.82,-0.020418211985111512,-0.024098510127130268,-0.00892743707896404
2011-10-04,3871.08,3254.25,2550.95,-0.09339250385853326,-0.0663460591764018,-0.049656879061910963
2011-10-05,3932.89,3287.34,2540.65,0.01584098671023426,0.01011689275354577,-0.004045885006761729
2011-10-06,4021.67,3429.27,2633.25,0.022322714665662602,0.04226868342044199,0.03579887093048839
2011-10-07,4064.38,3600.45,2675.73,0.010563970589663185,0.04871142711179566,0.016003415580049918
2011-10-10,4077.17,3653.48,2743.74,0.003141910452303165,0.014621300381117308,0.025099712873213775
2011-10-11,4044.8,3598.59,2709.32,-0.0079710147639247,-0.015138035957356522,-0.012624272291713368
2011-10-12,4061.35,3658.48,2771.44,0.004083325128597437,0.01650565853169539,0.022669359820741697
2011-10-13,3993.61,3663.99,2737.77,-0.01681984690275229,0.001504956944845759,-0.012223320300833507
2011-10-14,4060.63,3776.76,2792.18,0.016642550233248343,0.030313781666849948,0.01967893232009743
2011-10-17,4060.8,3693.62,2725.42,4.186454849097743e-5,-0.02225949224988888,-0.024200108057064185
2011-10-18,4126.42,3705.57,2789.51,0.016030204435125484,0.003230086101311258,0.023243408489855177
2011-10-19,4137.97,3706.15,2765.46,0.0027951264448446977,1.5650888085083636e-4,-0.008658966751442954
2011-10-20,4186.89,3682.63,2767.76,0.01175288548034814,-0.006366431113548288,8.31342376579336e-4
2011-10-21,4292.29,3745.71,2831.64,0.024862175155185184,0.01698401427873364,0.02281772031314766
2011-10-24,4400.52,3903.58,2887.18,0.024902325706040784,0.04128289568145149,0.019424198088676015
2011-10-25,4365.99,3849.46,2872.96,-0.00787774806036623,-0.01396120207416196,-0.004937390024445598
2011-10-26,4441.96,3911.99,2966.7,0.01725075277985688,0.016113317209969225,0.032107366790541825
2011-10-27,4530.84,3938.33,3015.8,0.019811632289448156,0.006710579656600046,0.01641491098764014
2011-10-28,4554.27,3932.92,3025.04,0.005157901653186414,-0.001374623052726065,0.0030591795863177396
2011-10-31,4577.7,3859.54,2977.86,0.00513143416206141,-0.018834147145101454,-0.01571939279618828
2011-11-01,4454.59,3678.42,2922.96,-0.027261663321406004,-0.04806469323227347,-0.018608120274859807
2011-11-02,4461.08,3728.1,3001.13,0.0014558639219082181,0.013415408339337631,0.026392082948868634
2011-11-03,4463.54,3769.05,3020.79,5.512839901982147e-4,0.010924259817416626,0.006529502168513446
2011-11-07,4462.71,3824.76,3067.2,-1.8596835230688669e-4,0.014672739896566256,0.015246706727033654
2011-11-08,4500.31,3792.33,3066.23,0.008390078470377205,-0.008515114289156855,-3.1629936531096803e-4
2011-11-09,4382.07,3606.04,3003.86,-0.026625067805854385,-0.050370388579739966,-0.020550665655365563
2011-11-10,4362.8,3603.27,3060.35,-0.004407162414128862,-7.684508326892825e-4,0.018631160219900522
2011-11-11,4384.75,3601.63,3053.1,0.005018558583660848,-4.5524574340305435e-4,-0.0023718206246083895
2011-11-14,4450.35,3629.13,3065.67,0.014850133114549635,0.007606429363050893,0.004108674679081048
2011-11-15,4428.2,3613.36,3082.04,-0.004989563825935406,-0.0043548627400067375,0.005325572836097692
2011-11-16,4429.66,3532.31,3102.77,3.296507312651187e-4,-0.02268603953029391,0.006703545502452002
2011-11-17,4478.8,3503.62,3090.59,0.011032321727915573,-0.008155328154959562,-0.00393324970694664
2011-11-18,4451.82,3453.16,3050.17,-0.006042152074819285,-0.014506965851385445,-0.013164684423593087
2011-11-21,4274.46,3247.46,2907.06,-0.04065522270834698,-0.061416601533611725,-0.04805506557232775
2011-11-22,4334.5,3286.31,2934.63,0.013948484705817776,0.011892202468306579,0.009439119398665596
2011-11-23,4344.96,3295.16,2924.25,0.002410289364533469,0.0026893704093851056,-0.0035433430486087047
2011-11-24,4338.4,3265.46,2906.53,-0.0015109361463778725,-0.009054084184548117,-0.0060781077499214575
2011-11-25,4263.32,3254.88,2961.02,-0.01745741707027726,-0.003245232391346775,0.018573873772725236
2011-11-28,4392.88,3390.36,3069.31,0.02993684896127391,0.04078070182286275,0.035918977065950486
2011-11-29,4360.08,3392.48,3043.56,-0.0074946426192479265,6.251069077354288e-4,-0.008424897735013204
2011-11-30,4427.28,3504,3133.79,0.015294994182834643,0.03234395572204107,0.02921525176655493
2011-12-01,4417.29,3511.53,3152.1,-0.0022590141178966405,0.0021466668638385755,0.005825762711726412
2011-12-02,4393.2,3531.37,3150.48,-0.005468494949345981,0.005634057698131301,-5.140751995771353e-4
2011-12-05,4332.06,3600.17,3166.48,-0.014014711473713248,0.01929516893323857,0.005065738651376606
2011-12-06,4219.17,3482.08,3043.75,-0.02640475321940805,-0.03335125018573315,-0.03953025298373802
2011-12-07,4245.24,3449.76,3025.55,0.006159929028690669,-0.009325152977515572,-0.005997414711062632
2011-12-08,4254.47,3437.98,3048.8,0.0021718396576044796,-0.0034205737980279594,0.0076551774398136985
2011-12-09,4119.55,3326.95,2938.03,-0.03222626083006297,-0.03282812123891965,-0.03700878185005063
2011-12-12,4054.1,3191.98,2844.72,-0.016015219374022394,-0.041414554465383446,-0.03227464427024529
2011-12-13,4073.86,3231.99,2900.47,0.004862238231838845,0.01245663269088304,0.019408148368971645
2011-12-14,4039.55,3170.6,2895.84,-0.008457653322432535,-0.019177202167666607,-0.001597568447765596
2011-12-15,4017.11,3209.72,2929.74,-0.005570561008710229,0.012262861496072475,0.011638457511808475
2011-12-16,4013.48,3153.61,2894.51,-9.040432265212672e-4,-0.01763587753257312,-0.012097842531155756
2011-12-19,4009.06,3144.85,2892.07,-0.0011018955211739012,-0.002781634129092936,-8.433306528594642e-4
2011-12-20,4009.47,3172.77,2954.39,1.0226313310646162e-4,0.008838829106645463,0.021319691062251067
2011-12-21,4025.26,3145.11,2906.64,0.0039304420503203374,-0.008756157674666198,-0.016294424869700563
2011-12-22,3980.52,3106.19,2920.34,-0.011177041029286627,-0.012451970912499277,0.004702272959168141
2011-12-23,3924.46,3056.28,2908.53,-0.01418370187668927,-0.01619840463708755,-0.00405224894729983
2011-12-26,3912.39,3084.38,2929.16,-0.003080321696531385,0.009152174568567872,0.007067893595277042
2011-12-27,3886.69,3059.79,2930.93,-0.006590544788315,-0.008004378554018032,6.040863037339861e-4
2011-12-28,3879.09,3065.21,2927.9,-0.00195730562192864,0.0017697963803104955,-0.0010343362992735194
2011-12-29,3840.34,3046.33,2943.45,-0.01003968569809821,-0.006178495128912331,0.005296920250930093
2011-12-30,3907.8,3082.65,2983.37,0.01741365145155349,0.01185202926316542,0.013471171284615835
2012-01-03,3963.35,3204.2,3069.36,0.014115071441930027,0.03867283255757492,0.028415536765118432
2012-01-04,3977.32,3193.66,3066.9,0.0035185984087000577,-0.003294854696802574,-8.017913620967931e-4
2012-01-05,3977.39,3190.48,3045.24,1.75996359388364e-5,-9.962188369936342e-4,-0.00708756365904506
2012-01-06,4007.56,3204.76,3059.49,0.007556752032284564,0.004465828876760725,0.004668519617293754
2012-01-09,4041.73,3205.96,3071.58,0.00849024081862737,3.7437292972342107e-4,0.003943851781375685
2012-01-10,4101.23,3285.98,3134.65,0.014614110583504925,0.024653355666121257,0.02032543792058128
2012-01-11,4130.29,3314.31,3123.68,0.007060693706193888,0.008584524007025252,-0.0035057311567925353
2012-01-12,4118.4,3374.35,3101.03,-0.002882884005783737,0.017953256007254836,-0.0072774795822247995
2012-01-13,4078.91,3371.1,3100.29,-0.009634942559097581,-9.636125837371168e-4,-2.3865886731044839e-4
2012-01-16,4096.07,3383.02,3099.22,0.004198181574354365,0.0035297010937700435,-3.451885747818295e-4
2012-01-17,4181.98,3489.02,3140.67,0.02075684115931331,0.03085209279612755,0.013285686026925703
2012-01-18,4216,3489.98,3169.33,0.008101992644821365,2.7511104916300155e-4,0.009084056128424223
2012-01-19,4306.75,3534.42,3195.78,0.021296748105280372,0.012653206797896388,0.008310980406275092
2012-01-20,4256.2,3517.79,3180.58,-0.011806815927908332,-0.004716260810509354,-0.004767619391492062
2012-01-23,4282.49,3553.98,3205.1,0.006157872712330814,0.010235150728334474,0.007679721035763976
2012-01-24,4278.24,3513.94,3181.71,-9.929060603841577e-4,-0.011330187194385388,-0.007324503020903705
2012-01-25,4285.12,3542.68,3191.41,0.0016068462566831698,0.008145587805355348,0.003044037297319946
2012-01-26,4277.47,3627.15,3196.11,-0.001786843007877792,0.023563713072997317,0.0014716199239188654
2012-01-27,4315.87,3609.92,3166.64,0.008937213143143552,-0.0047616045041607435,-0.009263356483971918
2012-01-30,4332.3,3541.02,3147.73,0.0037996523581629305,-0.019270790198602228,-0.005989530715547531
2012-01-31,4384.44,3598.71,3187.77,0.011963330754499069,0.016160626676185785,0.012640054644807108
2012-02-01,4462.67,3638.07,3217,0.01768533204525724,0.010877873340213284,0.009127635477332419
2012-02-02,4466.5,3604.87,3225.11,8.578625415083252e-4,-0.009167612191868457,0.0025178099362950235
2012-02-03,4494.59,3660.76,3260.53,0.00626934714543026,0.015385067069818348,0.010922700658390738
2012-02-06,4480.18,3673.12,3258.52,-0.0032112271140025683,0.003370661014960419,-6.166542866505864e-4
2012-02-07,4497.57,3680.04,3227.49,0.0038740267325803046,0.0018821845418592886,-0.009568359204418897
2012-02-08,4559.81,3730.38,3223.34,0.013743705067783551,0.013586483455267029,-0.0012866563132245545
2012-02-09,4557.22,3695.35,3197.85,-5.6816749965094e-4,-0.009434832629882095,-0.00793938005075745
2012-02-10,4531.71,3606.39,3175.54,-0.0056134367821965014,-0.024368000501162612,-0.0070010123734611795
2012-02-13,4590.68,3698.03,3228.3,0.012928809538047759,0.025092973414059472,0.01647798626925656
2012-02-14,4596.37,3692.55,3241.82,0.001238700285195904,-0.0014829691321374128,0.004179217596643525
2012-02-15,4643.72,3723.72,3271.56,0.010248907634023752,0.0084058923250101,0.009132034881426776
2012-02-16,4594.8,3667.63,3260.98,-0.010590539877856742,-0.01517749172191607,-0.003239171670024632
2012-02-17,4633.06,3655,3252.33,0.008292327633524721,-0.0034495836944810065,-0.002656101148382106
2012-02-20,4754.56,3680.71,3278.35,0.025886600618614253,0.0070095751521854766,0.007968584492093811
2012-02-21,4786.81,3617.43,3241.88,0.0067600612520895,-0.017341839397742476,-0.011186838604405835
2012-02-22,4775.57,3563.42,3205.56,-0.0023508802571363674,-0.01504307108703884,-0.011266606340939234
2012-02-24,4882.68,3637.31,3328.14,0.02218091091239316,0.020523639587263887,0.037526787283118423
2012-02-27,4914.75,3629.19,3311.86,0.006546638156981643,-0.002234914575062419,-0.004903624283661756
2012-02-28,4897.69,3588.9,3285.43,-0.0034772222178123258,-0.011163734018516891,-0.008012423706704297
2012-02-29,4983.68,3620.94,3339.02,0.017404908578663836,0.00888791177510484,0.01617980936940633
2012-03-01,4934.66,3614.94,3324.85,-0.00988479909776352,-0.0016584026753214687,-0.004252790452639488
2012-03-02,4924.3,3620.28,3354.39,-0.002101642326016062,0.0014761129501561499,0.008845375402646738
2012-03-05,4923.51,3618.58,3398.81,-1.604417635387989e-4,-4.696872245766315e-4,0.01315543464692226
2012-03-06,4785.61,3434.9,3280.77,-0.028408192285608536,-0.052093870519160035,-0.035347219415106323
2012-03-07,4819.29,3463.21,3306.5,0.0070131158143027506,0.008208091475319534,0.007812077189866429
2012-03-11,4923.24,3532.4,3383.47,0.021340236041709204,0.019781621968157026,0.023011581959957894
2012-03-12,4935.39,3497.09,3386.01,0.00246484676905645,-0.010046332517006817,7.504269513169959e-4
2012-03-13,4957.8,3472.83,3415.47,0.0045303968344860834,-0.006961370567024616,0.008662874620293692
2012-03-14,5012.69,3486.83,3454.62,0.011010603198151614,0.004023190467274063,0.01139735397841335
2012-03-15,4982.51,3505.25,3447.78,-0.006038917023824197,0.005268830623352372,-0.0019819199811550448
2012-03-16,4964.3,3499.74,3427.71,-0.003661479478195062,-0.001573164597342469,-0.005838145937342887
2012-03-19,4945.84,3449.8,3345.44,-0.003725481446448242,-0.014372421673371605,-0.024294175183086963
2012-03-20,4906.64,3392.47,3271.61,-0.007957429367499103,-0.01675798869671219,-0.02231600605857942
2012-03-21,4891.2,3366,3268.33,-0.0031517176808097958,-0.007833173883064148,-0.0010030673905294663
2012-03-22,4832.41,3327.81,3227.76,-0.012092364128182709,-0.011410665785579255,-0.012490752890601087
2012-03-23,4842.46,3313.97,3254.92,0.0020775480424681803,-0.004167563524164919,0.008379299584268196
2012-03-26,4924.69,3332.21,3306.82,0.016838472411830452,0.005488881069805274,0.015819304735778417
2012-03-27,4923.8,3329.01,3292.61,-1.8073836749010752e-4,-9.607850352217895e-4,-0.004306439180613353
2012-03-28,4873.42,3265.27,3211.16,-0.010284640759937957,-0.019332507931443033,-0.025048320760935994
2012-03-29,4798.62,3204.12,3166.76,-0.01546757277532329,-0.01890497287373094,-0.013923259391507514
2012-03-30,4889.75,3250.52,3231.18,0.018812800857693546,0.014377501854731634,0.020138412408750028
2012-04-02,4890.92,3258.72,3235,2.3924741466174737e-4,0.002519496696297807,0.0011815323558579394
2012-04-03,4906.48,3299.99,3289.91,0.003176355580535528,0.012584957925502849,0.016831280827144468
2012-04-04,4844.65,3225.3,3216.16,-0.012681777119436077,-0.022893468987657428,-0.022672107457060164
2012-04-05,4896.93,3251.46,3230.6,0.01073347484076237,0.008078157059790314,0.0044797771745717085
2012-04-06,4853.46,3194.06,3175.93,-0.008916625491055541,-0.017811291398272644,-0.017067375657788375
2012-04-09,4861.34,3200.2,3207.18,0.0016222674122339242,0.0019204730139641413,0.009791543517915002
2012-04-10,4857.72,3169.16,3170.61,-7.449280418896365e-4,-0.009746739305100505,-0.011468047958464567
2012-04-11,4839.39,3177.18,3186.69,-0.0037805123034466703,0.0025274423586800765,0.005058762144942719
2012-04-12,4835.56,3174.13,3182.06,-7.917353991633291e-4,-9.604318587665972e-4,-0.0014539747409365589
2012-04-13,4848.09,3195.4,3201.86,0.0025878686224398706,0.006678696563884756,0.006203105142141396
2012-04-16,4826.58,3138.69,3162.85,-0.004446670623984517,-0.017906760194470905,-0.01225837107861949
2012-04-17,4845.4,3127.41,3149.45,0.0038916589472712815,-0.0036003294504158845,-0.004245685448680092
2012-04-18,4851.52,3142.53,3143.19,0.0012622566366609078,0.004823022009629696,-0.0019896266320902356
2012-04-19,4871.15,3215.17,3198.53,0.004037990937233005,0.022852025453973468,0.017453121474721556
2012-04-20,4877.77,3219.46,3213.12,0.0013580993622923643,0.0013334101993827119,0.004551098448272839
2012-04-23,4843.2,3141.82,3130.18,-0.007112488925288929,-0.024411393788412283,-0.026151916823172527
2012-04-24,4788.88,3110.05,3105.54,-0.011279095662048988,-0.010163446608697058,-0.00790289757796181
2012-04-25,4851.06,3124.45,3095.24,0.012900674147118707,0.004619464466223633,-0.0033221657511592895
2012-04-26,4839.18,3097.29,3067.14,-0.0024519528828914616,-0.0087307320858514,-0.009119916254070048
2012-04-27,4908.99,3128.49,3120.9,0.01432293311158439,0.010022924418466417,0.017375890460250787
2012-04-28,4928.31,3139.7,3128.97,0.003927912097804409,0.0035767939233544155,0.0025824551502520166
2012-05-02,4871.02,3081.35,3049.33,-0.011692769347835252,-0.018759441311230418,-0.02578198255635833
2012-05-03,4840.11,3058.99,3034.27,-0.006365913006041168,-0.007283016522034558,-0.004951025959423205
2012-05-04,4642.75,2926.33,2924.99,-0.04163058465198333,-0.0443357179278383,-0.03667980652273517
2012-05-05,4615.9,2920.97,2915.49,-0.005799997898051856,-0.001833325295875099,-0.0032531601437719715
2012-05-07,4586.45,2881.69,2934.11,-0.006400560843744074,-0.013538825297183976,0.0063662687664258755
2012-05-08,4604.01,2882.27,2912.48,0.0038213585323756405,2.0125052982944425e-4,-0.007399218581759293
2012-05-10,4607.73,2938.26,2961.76,8.076650453041623e-4,0.01923939128122054,0.01677873431378618
2012-05-11,4533.07,2914.77,2943.91,-0.016335913775492372,-0.008026654951739154,-0.006045056482073541
2012-05-12,4532.38,2931.69,2929.67,-1.5222631007461018e-4,0.005788134097725717,-0.004848841047544461
2012-05-14,4371.93,2800.57,2833.06,-0.03604262863418306,-0.04575608066551329,-0.03353238911328038
2012-05-15,4357.42,2824.45,2826.06,-0.0033244201145397057,0.008490687486429671,-0.0024738841268820977
2012-05-16,4344.22,2804.29,2795.94,-0.003033913176157199,-0.007163267873367296,-0.010715150545613561
2012-05-17,4261.45,2703.87,2707.54,-0.019236747962956713,-0.036466307403031806,-0.032127891353419535
2012-05-18,4209.72,2681.3,2684.83,-0.012213340784530402,-0.008382328562942298,-0.008423062315416452
2012-05-21,4300.6,2754.19,2722.63,0.021358410680177187,0.02682163694694495,0.013980913669533024
2012-05-22,4333,2785.64,2742.13,0.007505594908620239,0.011354261006248478,0.007136665750893556
2012-05-23,4202.43,2642.15,2650.96,-0.030597213347796526,-0.052884669833349385,-0.03381315211817437
2012-05-24,4224.97,2660.43,2726.49,0.0053492307822367025,0.006894784205513815,0.028093229124142916
2012-05-25,4216.02,2664.84,2727.35,-0.0021206051313846785,0.0016562544277078928,3.153741243338004e-4
2012-05-28,4254.08,2674.15,2748.41,0.008986967370198329,0.0034875545511363626,0.007692120852998308
2012-05-29,4321.94,2794.84,2811.58,0.015825853095483566,0.0441432870448315,0.022724040258182754
2012-05-30,4288.31,2764.39,2773.42,-0.0078116595950294965,-0.010954864080942706,-0.013665387230180848
2012-05-31,4305.28,2719.68,2767.94,0.003949460483569922,-0.01630576947893303,-0.0019778544568263
2012-06-01,4227.92,2678.09,2749.35,-0.01813203006194719,-0.015410372454321752,-0.00673884111608114
2012-06-04,4220.39,2727.45,2778.86,-0.0017826055137639685,0.018263252877574132,0.010676251553778826
2012-06-05,4206.89,2751.03,2746.77,-0.003203883470817459,0.008608280257009326,-0.011615095752779858
2012-06-06,4252.95,2768.59,2774.33,0.010889202426627165,0.006362778322759333,0.009983600700450346
2012-06-07,4283.41,2831.73,2821.25,0.00713656155047282,0.022549666972227378,0.016770772544330015
2012-06-08,4297.27,2819.88,2830.11,0.003230516008953188,-0.00419350145025188,0.003135531008098269
2012-06-09,4339.82,2807.54,2845.77,0.009852935243264582,-0.0043856757729523466,0.005518101065032255
2012-06-13,4397.74,2810.39,2854.93,0.013257900006395928,0.0010146086706273039,0.003213643195861593
2012-06-14,4374.34,2811.53,2859.82,-0.005335121317596503,4.055554030033548e-4,0.0017113613696029262
2012-06-15,4507.72,2887.01,2921.9,0.030035831160631687,0.026492545324256156,0.021475403819840366
2012-06-18,4455.7,2909.99,2931.68,-0.011607307043830062,0.00792828027332515,0.0033415479416838423
2012-06-19,4444.01,2897.43,2924.71,-0.0026270534035646165,-0.004325507568987419,-0.0023803070802737025
2012-06-20,4388.73,2865.24,2911.16,-0.012517230615991082,-0.011172020890661827,-0.00464370328650876
2012-06-21,4331.2,2852.15,2888.79,-0.013195251505983663,-0.004579020452325722,-0.007713897852799967
2012-06-22,4293.65,2789.97,2850.42,-0.008707452825797546,-0.022042252752113356,-0.01337137748619277
2012-06-25,4288.07,2753.46,2810.51,-0.0013004387899808734,-0.013172540438089797,-0.014100390304540689
2012-06-26,4287.75,2758.19,2831.76,-7.462843206873515e-5,0.0017163648494289419,0.007532464938224237
2012-06-27,4322.29,2775.21,2876.84,0.008023234569112248,0.006151752512183251,0.015794043059016438
2012-06-28,4328.01,2710.63,2824.38,0.0013224976783892117,-0.023545339811985144,-0.018403598051648373
2012-06-29,4417.34,2808.57,2920.25,0.020429852897004608,0.03549437681775025,0.033380357568663754
2012-07-02,4478.82,2838.1,2953.78,0.013821913901200134,0.01045935718224289,0.01141647699435211
2012-07-03,4569.64,2887.67,3025.88,0.02007480831040276,0.017315134374931596,0.024116252219847922
2012-07-04,4569.52,2881.7,3045.21,-2.626061913879596e-5,-0.0020695507935224455,0.006367906033220905
2012-07-05,4501.59,2847.94,3042.65,-0.01497749886493871,-0.011784471868153013,-8.410180756097674e-4
2012-07-06,4491.22,2814.93,2996.35,-0.0023062879336865905,-0.011658531414687978,-0.015333964963808455
2012-07-09,4515.91,2810.67,2990.48,0.005482337179596897,-0.0015145054089424903,-0.001960971626402852
2012-07-10,4505.42,2814.59,2987.86,-0.0023256004885876536,0.00139371358284901,-8.764975453825485e-4
2012-07-11,4467.48,2767.54,2946.18,-0.008456625194702028,-0.01685776369722447,-0.014047996119629147
2012-07-12,4437.56,2748.28,2934.56,-0.006719815427819853,-0.006983577519337203,-0.0039518887496710065
2012-07-13,4528,2791.86,2996.65,0.020175665063996817,0.015732778921699442,0.02093747084410591
2012-07-16,4508.91,2793.69,3016.56,-0.004224901740981224,6.55262262617029e-4,0.006622111237863493
2012-07-17,4510.44,2774.47,3035.76,3.3927057153348983e-4,-0.006903564672747109,0.006344695722704685
2012-07-18,4536.05,2746.91,3032.55,0.005661879560953764,-0.009983094404084625,-0.0010579552789504731
2012-07-19,4599.86,2772.87,3051.44,0.013969278956905029,0.009406241337797994,0.006209760601709746
2012-07-20,4548.29,2742.61,3006.68,-0.011274530101863078,-0.010972863147886258,-0.014777130361627755
2012-07-23,4486.56,2651.44,2921.45,-0.013665077027184225,-0.03380713311385186,-0.028756411616469357
2012-07-24,4533.41,2640.94,2910.42,0.010388154575354136,-0.003967974248529238,-0.0037826677041703505
2012-07-25,4593.89,2644.37,2897.29,0.013252744009495387,0.001297937294700624,-0.00452158333316266
2012-07-26,4623.12,2685.05,2933.41,0.006342642134779197,0.01526649807691971,0.012389751505549995
2012-07-27,4641.04,2731.99,2980.29,0.0038686772141698356,0.017330931618364964,0.015855042380576556
2012-07-30,4689.97,2772.58,3031.24,0.010487706795199614,0.014748013270522442,0.016951165510426414
2012-07-31,4663.09,2736.22,2987.96,-0.005747867330057943,-0.013200888765887875,-0.014380896429033285
2012-08-01,4685.16,2754.54,3002.56,0.0047217481355410484,0.00667305363260251,0.004874377819438891
2012-08-02,4694.11,2725.54,2964.63,0.0019084646708105168,-0.010583885896267908,-0.012713022664098794
2012-08-03,4724.51,2787.19,3010.59,0.0064553205388637735,0.02236734621882519,0.015383837386278465
2012-08-06,4754.87,2838.72,3049.18,0.006405504116735017,0.018319326510554568,0.012736629171275382
2012-08-07,4763.15,2889.16,3079.76,0.0017398580983662981,0.01761255608574963,0.00997896985847646
2012-08-08,4730.37,2896.1,3075.8,-0.006905790533526357,0.002399201878215962,-0.0012866418477930353
2012-08-09,4690.7,2886.87,3096.03,-0.00842159849367441,-0.0031921340894358607,0.006555615579328489
2012-08-10,4613.4,2873.2,3069.87,-0.01661671276824883,-0.00474647900610492,-0.008485430177367803
2012-08-13,4672.01,2868.69,3093.77,0.012624273650541085,-0.001570911643193007,0.0077551965347861795
2012-08-14,4696.23,2884.32,3120.29,0.005170673245316948,0.00543369069627353,0.008535534259442201
2012-08-15,4705.42,2854.22,3093.16,0.0019549766109072664,-0.010490569394552729,-0.008732724142623383
2012-08-16,4719.01,2863.05,3095.45,0.0028839960442148538,0.00308888928483686,7.40069290040779e-4
2012-08-17,4738.44,2836.27,3080.76,0.004108935778027956,-0.009397681510256106,-0.004756971573630864
2012-08-20,4737.78,2807.84,3047.87,-1.392960486494843e-4,-0.01007430416845878,-0.010733333797473321
2012-08-21,4787.56,2871.18,3107.37,0.010452215500896145,0.022307590615224804,0.019333723259540747
2012-08-22,4794.1,2837.47,3098.74,0.0013651081369232543,-0.011810285033979184,-0.0027811320013775287
2012-08-23,4778.25,2847.8,3109.42,-0.0033116245196609384,0.003633956300352459,0.0034406363675554275
2012-08-24,4745.32,2827.36,3113.56,-0.006915501484709097,-0.0072033522871493005,0.0013305524397555502
2012-08-27,4748.28,2819.58,3102.96,6.235780095895649e-4,-0.002755476389891598,-0.0034102714293915426
2012-08-28,4758.17,2815.34,3104.19,0.002080693333063266,-0.0015049018620327814,3.9631715556964764e-4
2012-08-29,4792.01,2758.38,3077.88,0.007086807081808644,-0.020439484944779096,-0.008511763485916646
2012-08-30,4862.04,2731.42,3072.84,0.014508155304817194,-0.00982193039320034,-0.001638832893718245
2012-08-31,4870.02,2733.35,3062.91,0.0016399409351066652,7.063426567786024e-4,-0.0032367709471383677
2012-09-03,4894.15,2772.17,3096.15,0.004942570463773777,0.014102443864043579,0.01079395970517183
2012-09-04,4881.73,2771.92,3102.16,-0.00254094908742708,-9.018612618838517e-5,0.001939238883972294
2012-09-05,4838.19,2724.13,3069.33,-0.008958981395277732,-0.01739110979843339,-0.010639346311492659
2012-09-06,4854.22,2813.52,3144.86,0.0033077458785992775,0.032287257365640976,0.024310077319519507
2012-09-07,4910.82,2890.11,3182.18,0.011592504250526048,0.026858195234181537,0.011797122453540254
2012-09-10,4949.85,2907.85,3172.42,0.007916339118709814,0.006119412813965219,-0.003071792929386419
2012-09-11,4951.68,2918.77,3168.67,3.6963984774729397e-4,0.003748318162295483,-0.0011827620920588089
2012-09-12,4865.77,2918.06,3180.76,-0.017501936443544253,-2.432827420024708e-4,0.0038082204579961143
2012-09-13,4827.89,2898.55,3175.65,-0.007815457281013849,-0.006708399967239487,-0.0016078261474081756
2012-09-14,4940.31,3115.15,3307.89,0.023018563053039287,0.07206669322239723,0.04079818808696345
2012-09-17,4908.23,3103.62,3305.39,-0.006514694251027464,-0.003708133026851357,-7.560545203251223e-4
2012-09-18,4884.47,3068.79,3264.34,-0.0048526038017193684,-0.011285825047330889,-0.012496871024001877
2012-09-19,4862.01,3031.91,3208.25,-0.004608851556053395,-0.012090563136704091,-0.017331981201124336
2012-09-20,4775.01,3017.34,3221.21,-0.01805586448724128,-0.004817135405042805,0.004031448225131129
2012-09-21,4764.11,3028.95,3209.36,-0.0022853271043796752,0.0038403762535903496,-0.0036855250509066906
2012-09-24,4766.42,3005.32,3191.8,4.847579400593105e-4,-0.007831973308512374,-0.005486519333707918
2012-09-25,4716.02,2982.96,3173.27,-0.010630275458781924,-0.007467955379063085,-0.005822419030142356
2012-09-26,4659.15,2878.25,3101.9,-0.012132195481687091,-0.03573362555159232,-0.022747774984372526
2012-09-27,4667.91,2922.97,3130.87,0.0018784059662397823,0.015417752076817948,0.009296094232782437
2012-09-28,4652.97,2937.94,3144.65,-0.003205708644317795,0.005108432838877519,0.004391674999897788
2012-10-01,4738.1,3000.67,3225.82,0.018130486077273744,0.021126941578935465,0.02548458529301101
2012-10-02,4752.17,2978.82,3222.03,0.002965144365484562,-0.007308348121387809,-0.0011755857957247429
2012-10-03,4736.26,2928.72,3199.05,-0.0033535611077510907,-0.016961781435322898,-0.00715770496882584
2012-10-04,4705.63,2895.95,3155.85,-0.006488130543683468,-0.011252258328502407,-0.013596017392574211
2012-10-05,4777.4,2938.85,3201.67,0.015136801283928136,0.014705139185306138,0.014414675339281757
2012-10-08,4770.59,2907.99,3196.87,-0.001426478484953364,-0.010556227490546632,-0.0015003425470219156
2012-10-09,4799.13,2903.53,3196.12,0.005964664507310147,-0.0015348827417254185,-2.3463199643458665e-4
2012-10-10,4763.29,2869.84,3172.35,-0.007496045524611361,-0.01167095904551907,-0.007464935968094721
2012-10-11,4759.04,2879.38,3168.71,-8.926387306900097e-4,0.0033187141059203284,-0.0011480731612110162
2012-10-12,4719.91,2832.25,3131.57,-0.008256235611716178,-0.016503544423028593,-0.011790088765316398
2012-10-15,4720.85,2811.43,3136.98,1.991365108544585e-4,-0.007378198072714781,0.0017260774320018157
2012-10-16,4781.05,2829.23,3160.13,0.012671319522532087,0.006311339128959759,0.007352612322925722
2012-10-17,4787.58,2858.09,3216.83,0.0013648768974707792,0.010148979736986696,0.01778323660260739
2012-10-18,4731.65,2847.6,3230.76,-0.011751085666327654,-0.00367703531711161,0.004321001079153675
2012-10-19,4752.71,2813.77,3185.9,0.004441002790485982,-0.011951313082016135,-0.013982579999151312
2012-10-22,4773.98,2835.08,3222.56,0.0044653568747570205,0.007544934310895535,0.01144125106669236
2012-10-23,4701.63,2778.01,3186.81,-0.015271081446353918,-0.02033531143876477,-0.011155658279264458
2012-10-24,4606.16,2785.52,3188.67,-0.02051471900813695,0.00269972645475125,5.834854952944113e-4
2012-10-25,4619.8,2779.22,3178.58,0.0029568760189739862,-0.002264257698150196,-0.00316934577594985
2012-10-26,4636.87,2741.35,3150.81,0.003688155535312987,-0.01371981300154168,-0.008774993543386955
2012-10-29,4624.75,2723.12,3148.75,-0.002617254199268615,-0.006672218030645993,-6.540139544437551e-4
2012-10-30,4629.35,2715.27,3121.83,9.94154024457572e-4,-0.002886885806974604,-0.00858618034820502
2012-10-31,4601.79,2740,3132.25,-0.005971111235599125,0.009066524444843793,0.0033322278070464506
2012-11-01,4589.73,2767,3143.1,-0.0026241594253502143,0.009805780404810172,0.0034579779013679257
2012-11-02,4675.18,2800.45,3174.39,0.018446465860368022,0.012016417748926145,0.009905913856949056
2012-11-06,4671.93,2809.91,3190.03,-6.95402136267731e-4,0.0033723358092663247,0.00491483323940578
2012-11-07,4693.97,2769.8,3145.67,0.004706443733816457,-0.014377338936500728,-0.014003417111933203
2012-11-08,4615.62,2734.82,3130.17,-0.016832502810679273,-0.012709495246677527,-0.004939587853113991
2012-11-09,4636.42,2723.39,3123.93,0.0044963132546982365,-0.004188192358943965,-0.001995491620100154
2012-11-12,4687.94,2728.94,3133.54,0.011050736843190023,0.0020358275881600107,0.0030715313234601638
2012-11-13,4616.34,2678.14,3066.43,-0.01539107021897479,-0.018790731687207796,-0.021649337383777834
2012-11-14,4548.02,2681.29,3064.66,-0.014910209923021611,0.001175498276018594,-5.773851139601049e-4
2012-11-15,4569.24,2693.97,3082.58,0.004654915691043371,0.004717920070877568,0.0058302752980274875
2012-11-16,4652.9,2689.67,3090.26,0.018143792013669113,-0.0015974325602723383,0.002488321084854306
2012-11-19,4675.87,2711.54,3128.68,0.004924560562862723,0.008098229664031287,0.012355960596643456
2012-11-20,4670.41,2702.19,3126.71,-0.0011683794239250034,-0.003454183823920154,-6.298568323099829e-4
2012-11-21,4692.41,2724.01,3150.07,0.004699447493125675,0.008042504003934248,0.007443341283815741
2012-11-22,4714.37,2726.47,3127.93,0.004668981286446439,9.026728534138329e-4,-0.007053230896815421
2012-11-23,4708.74,2744.81,3139.49,-0.0011949347232302898,0.0067041236022680195,0.003688922430340469
2012-11-26,4672.35,2753.26,3119.14,-0.0077581992124464705,0.0030738083193471155,-0.006503043546597809
2012-11-27,4629.79,2751.55,3103.17,-0.009150646405522878,-6.212748687071112e-4,-0.005133153142951485
2012-11-28,4679.5,2728.56,3081.58,0.010679755917152534,-0.008390391751978754,-0.006981717191216319
2012-11-29,4675.55,2748.9,3105.06,-8.44463735573342e-4,0.00742683415031653,0.00759058640462662
2012-11-30,4669.88,2767.73,3133.21,-0.0012134274604189699,0.006826657988019846,0.009024999260789812
2012-12-03,4657.45,2760.5,3177.05,-0.0026652873562547086,-0.0026156669031971447,0.013895055150229041
2012-12-04,4688.08,2745.18,3156.63,0.006555028912597294,-0.005565176159842977,-0.0064480904471420075
2012-12-05,4713.29,2809.8,3206.9,0.005363061006008252,0.023266659853294236,0.015799735600904086
2012-12-06,4708.36,2813.2,3206.27,-0.00104652591636345,0.0012093190163122713,-1.9647070076800333e-4
2012-12-07,4727.95,2813.67,3216.69,0.0041520526866012375,1.670555748018998e-4,0.0032446128082330716
2012-12-10,4714.68,2821.88,3224.48,-0.0028106594742922653,0.0029136484666549833,0.0024188163945559893
2012-12-11,4739.89,2834.73,3230.49,0.005332883409170819,0.004543365055859283,0.0018621315781981451
2012-12-12,4825.83,2850.75,3264.52,0.01796881203581968,0.005635423006288498,0.010478909623026667
2012-12-13,4861.09,2828.26,3266.05,0.007279951878361501,-0.007920435981816354,4.6856553960772374e-4
2012-12-14,4895.94,2853.98,3277.53,0.007143597632142118,0.009052829748096514,0.003508786254030838
2012-12-17,4935.09,2879.06,3282.3,0.007964619568245013,0.008749340660908267,0.0014543062368126414
2012-12-18,5044.17,2910.21,3295.07,0.021862211143501398,0.010761391545570653,0.0038830158696558925
2012-12-19,5004.39,2918.46,3294.67,-0.007917593727155392,0.00283083636897441,-1.2140084449185906e-4
2012-12-20,5028.85,2924.69,3314.13,0.004875802524049178,0.0021324122641876997,0.00588913456072504
2012-12-21,4978.54,2910.44,3295.91,-0.01005465437932962,-0.004884219658693567,-0.005512839905435385
2012-12-24,4941.28,2884.27,3295.32,-0.0075122684137305384,-0.00903243748967153,-1.7902576653305857e-4
2012-12-25,4937.71,2905.56,3295.24,-7.227459801875113e-4,0.007354307797366566,-2.427714792219149e-5
2012-12-26,4903.84,2914.99,3317,-0.006883089294113631,0.003240246454585538,0.006581757030199142
2012-12-27,4949.63,2911.64,3310.58,0.009294254637868704,-0.0011498929463957808,-0.0019373593402249867
2012-12-28,4973.47,2908.55,3306.49,0.004804959310581225,-0.0010618211056074855,-0.0012361968426688463
2013-01-08,5097.12,3016,3366.66,0.02455788871880671,0.03627677493287429,0.018033951197102382
2013-01-09,5156.55,3018.9,3365.13,0.011592076885031943,9.61076479550016e-4,-4.545596420406639e-4
2013-01-10,5118.38,3035.94,3327.73,-0.007429768492142941,0.0056285698669853446,-0.011176205477013923
2013-01-11,5125.9,3026.5,3322.13,0.0014681366285849151,-0.0031142601426399352,-0.0016842463822648313
2013-01-14,5193.17,3059.05,3352.62,0.013038181339267041,0.010697573896433,0.009135986238741012
2013-01-15,5202.96,3036.3,3323.06,0.0018833937039843818,-0.007464741365209804,-0.008856084533576336
2013-01-16,5236.59,3039.63,3304.06,0.006442828729554151,0.001096128603657931,-0.005734029882829006
2013-01-17,5227.77,3052.99,3319.29,-0.0016857222206834166,0.004385640796135348,0.004598889336239864
2013-01-18,5289.76,3064.21,3352.2,0.011788075305879886,0.0036683491081195285,0.009865942074641865
2013-01-21,5280.65,3055.08,3346.41,-0.0017236800191380297,-0.0029840085286672036,-0.0017287172837150422
2013-01-22,5266.32,3019.95,3332.28,-0.002717369788259205,-0.011565503901744378,-0.004231375039891461
2013-01-23,5374.8,3023.32,3351.16,0.020389537605531416,0.001115290347550868,0.0056498001691203115
2013-01-24,5337.46,2989.9,3352.19,-0.006971479637655875,-0.011115623278628917,3.0730903447029334e-4
2013-01-25,5370.32,2983.33,3386.16,0.006137612680452875,-0.0021998157276570396,0.010082672399869708
2013-01-28,5450.46,2997.1,3439.53,0.014812511721173038,0.004605028178309212,0.015638298153012542
2013-01-29,5457.72,2954.01,3406.85,0.0013311113443261746,-0.014481585134094033,-0.009546723437503957
2013-01-30,5424.43,2926.04,3392.69,-0.006118295345462599,-0.009513596299331795,-0.004164993652411297
2013-01-31,5456.11,2918.6,3396.21,0.005823256846294811,-0.0025459237929696954,0.0010369869391020359
2013-02-01,5546.15,2917.34,3393.89,0.01636791171960361,-4.318070506474925e-4,-6.83347841793136e-4
2013-02-04,5608.61,2887.29,3363.07,0.01119892365023567,-0.010353896270432372,-0.0091225088610364935
2013-02-05,5608.27,2902.88,3374.34,-6.062291833508482e-5,0.0053850017092873514,0.0033455023552111385
2013-02-06,5572.96,2881.21,3356.59,-0.006315962980876222,-0.0074930028366031465,-0.005274171963099761
2013-02-07,5587.57,2883.94,3348.39,0.0026181567265446404,9.470699648943537e-4,-0.0024459443840676443
2013-02-08,5544,2863.81,3326.13,-0.007828225937817734,-0.007004508652378227,-0.00667016730221448
2013-02-11,5573.03,2855.05,3319.54,0.005222629782384303,-0.0030635500261571025,-0.0019832468840661477
2013-02-12,5614.02,2837.16,3293.37,0.007328148785624933,-0.006285804249940519,-0.007914862479081464
2013-02-13,5686.78,2889.56,3363.44,0.01287714240124238,0.018300689558785166,0.021052903130465594
2013-02-14,5696.8,2858.19,3318.96,0.0017604308289254078,-0.01091568404435872,-0.013312778921017454
2013-02-15,5797.08,2856.74,3310.98,0.017449728818098365,-5.074427967146633e-4,-0.0024072627666669177
2013-02-18,5835.42,2842.6,3311.53,0.006591900078694479,-0.004961988234469139,1.6610016482232481e-4
2013-02-19,5850.95,2856.56,3323.51,0.002657798639244646,0.004898977365073165,0.0036111351306278294
2013-02-20,5768.27,2814.99,3289.65,-0.0142318323485906,-0.014659394500371903,-0.010240277231671868
2013-02-21,5613.92,2750.26,3258.16,-0.027122981124131584,-0.02326325652358996,-0.0096185572821188
2013-02-22,5701.3,2745.67,3271.87,0.0154449912628003,-0.0016703273393847695,0.004199068042488818
2013-02-25,5725.29,2760.46,3288.47,0.004198984167320674,0.005372207183879318,0.00506072411748093
2013-02-26,5651.99,2709.77,3254.01,-0.012885507643707328,-0.018533572067212845,-0.010534329084462613
2013-02-27,5685.22,2710.62,3260.95,0.005862129247166337,3.13630571588952e-4,0.0021304820367351596
2013-02-28,5673.44,2688.26,3239.74,-0.0020741890721946987,-0.008283246839052794,-0.006525484298908424
2013-03-01,5646.59,2656.1,3207.11,-0.0047438125786118945,-0.012035262665872182,-0.010122859579094978
2013-03-04,5608.57,2609.9,3183.52,-0.006756038051072721,-0.01754697508348091,-0.00738271724280537
2013-03-05,5643.16,2644.74,3231.96,0.006148407216814533,0.013260855377532188,0.015101261495837903
2013-03-06,5675.22,2663.92,3254.37,0.0056651368382798495,0.007225960395319753,0.006909944195891526
2013-03-07,5678.94,2649.18,3254.42,6.552664632355487e-4,-0.005548564045902538,1.5363838747006753e-5
2013-03-11,5739.65,2691.13,3282.17,0.010633637263506301,0.01571102160536242,0.008490716631506245
2013-03-12,5736.82,2677.65,3282.93,-4.931830183600994e-4,-0.005021635577127981,2.3152731973574703e-4
2013-03-13,5779.08,2647.99,3277.89,0.007339450621024923,-0.011138682546948608,-0.0015363936189114469
2013-03-14,5800.51,2648.01,3278.69,0.003701344255853556,7.552870091132036e-6,2.4402966301551032e-4
2013-03-15,5790.29,2602.35,3275.32,-0.0017634680347384801,-0.017393531544366958,-0.0010283781370468148
2013-03-18,5682.84,2565.85,3213.03,-0.01873126891169896,-0.014125075215537741,-0.01920115707928538
2013-03-19,5700.6,2532.59,3180.23,0.00312032468391088,-0.01304731322760766,-0.010260895937655334
2013-03-20,5724.91,2507.4,3194.79,0.004255396334094996,-0.009996134815376756,0.00456783674917105
2013-03-21,5707.1,2509.75,3207.46,-0.003115815050676929,9.367868897118825e-4,0.0039579886884570925
2013-03-22,5619.6,2488.97,3156.27,-0.015450526746681348,-0.008314176310029175,-0.016088396003144823
2013-03-25,5559.19,2441.51,3141.3,-0.010808072798971224,-0.01925226992555995,-0.004754223675730529
2013-03-26,5449.65,2390.37,3126.74,-0.019901027766925594,-0.021168534677106443,-0.004645798746626184
2013-03-27,5456.81,2389.54,3157.76,0.0013129835030998294,-3.472868770924009e-4,0.00987198724598315
2013-03-28,5534.19,2392.16,3164.26,0.01408084405566612,0.0010958446837694424,0.0020563055132303276
2013-03-29,5554.5,2397.37,3178.59,0.0036631960514110773,0.0021755796727340737,0.0045184812445207
2013-04-01,5569.9,2367.09,3170.63,0.0027686904170263205,-0.012710950533528553,-0.0025073959227750464
2013-04-02,5565.26,2362.97,3165.71,-8.333962455076005e-4,-0.0017420502242790903,-0.00155294728148192
2013-04-03,5619.51,2329.98,3178.38,0.009700767281193734,-0.014059618548625252,0.003994273992013575
2013-04-04,5616.77,2340.28,3174.14,-4.877059052130761e-4,0.004410896481024551,-0.001334903512189456
2013-04-05,5653.47,2339.95,3149.37,0.006512750344612073,-1.4101871085259177e-4,-0.00783429667718849
2013-04-08,5629.97,2310.15,3117.03,-0.004165402391151929,-0.012817104129506873,-0.010321807456914911
2013-04-09,5635.39,2354.52,3146.79,9.622418490309315e-4,0.019024427547426725,0.009502260258493322
2013-04-10,5612.23,2423.03,3135.9,-0.004118210382662468,0.028681938065306056,-0.0034666714118198882
2013-04-11,5549.74,2353.58,3081.07,-0.011197065192819267,-0.029081249894915118,-0.017639274972058416
2013-04-12,5538.78,2303.9,3068.7,-0.0019768199126914965,-0.021334234094325666,-0.0040229201036403595
2013-04-15,5441.78,2223.1,3020.32,-0.017668046671422744,-0.03570072088812992,-0.015891233110648884
2013-04-16,5434.41,2225.19,2995.24,-0.001355254207226153,9.396870050251138e-4,-0.008338424125469146
2013-04-17,5404.62,2184.73,2956.07,-0.0054968156760626385,-0.01835005411270707,-0.013163678457717154
2013-04-18,5380.53,2194.43,2954.12,-0.0044672610139873115,0.004430080592640273,-6.59877286774524e-4
2013-04-19,5325.93,2222.96,2961.75,-0.010199538099112004,0.012917309407199262,0.0025795036844060704
2013-04-22,5344.96,2209.57,2944.52,0.0035667165857997674,-0.0060417146552760315,-0.005834494148637681
2013-04-23,5374.86,2231.69,2932.54,0.005578466343436617,0.009961219521530396,-0.004076874012922893
2013-04-24,5437.96,2288.92,3034.76,0.01167146337488667,0.0253209446157312,0.03426340226352309
2013-04-25,5491.69,2300.96,3029.33,0.009832050035578632,0.005246336555980058,-0.0017908709967269232
2013-04-26,5483,2299.76,3023.89,-0.001583644151436303,-5.216574915278827e-4,-0.0017973909636666008
2013-04-29,5474.5,2277.83,2999.08,-0.0015514490905683687,-0.00958153428980868,-0.008238507024694641
2013-04-30,5525.21,2279.33,3012.77,0.009220308399921606,6.583047574242329e-4,0.00455434638696417
2013-05-02,5619.58,2268.68,2962.11,0.016935672285592673,-0.004683375571480575,-0.01695806913097897
2013-05-03,5650.73,2308.96,3038.81,0.005527812335257565,0.01759904214509156,0.02556413918859768
2013-05-06,5734.04,2323.62,3063.58,0.014635603017762122,0.006329107727014893,0.00811817535040582
2013-05-07,5792.03,2326.51,3091.74,0.010062491258135964,0.0012429761628531821,0.009149872456037045
2013-05-08,5752.62,2328.84,3107.41,-0.006827431422768981,0.0010009989343684467,0.005055542574430305
2013-05-10,5726.67,2315.46,3108.9,-0.004521193245237143,-0.005761917627044255,4.793840810819461e-4
2013-05-13,5710.33,2294.31,3089.82,-0.0028573946170507014,-0.00917622719043898,-0.006156129090411966
2013-05-14,5818.89,2248.84,3052.51,0.018832706561219936,-0.020017616996072185,-0.012148633785098895
2013-05-15,5826.64,2190.28,3016.8,0.0013309829855927546,-0.026385138179234602,-0.01176753603862224
2013-05-16,5840.6,2156.8,2972.89,0.0023930263990301626,-0.01540374780122633,-0.014662123294193918
2013-05-17,5844.45,2191.33,3048.54,6.58961688536408e-4,0.015883023693009868,0.02512824381898504
2013-05-20,5822.12,2185.39,3050.15,-0.0038280363925977667,-0.002714363106181672,5.279822510750876e-4
2013-05-21,5839.88,2235.02,3085.69,0.0030457920990816234,0.02245587424867601,0.011584525495587528
2013-05-22,5921.58,2259.75,3149.65,0.013893056494682199,0.011004011125027802,0.020516040319670026
2013-05-23,5787.91,2161.95,3043.9,-0.022832045942735135,-0.04424359548129875,-0.03415174760448636
2013-05-24,5740.94,2156,3018.48,-0.008148299245796409,-0.002755939168333832,-0.008386194523774648
2013-05-27,5746.5,2155.75,3011.09,9.680138367063051e-4,-1.1596219645326755e-4,-0.0024512539701255776
2013-05-28,5886.47,2190.47,3050.25,0.024065523289419133,0.01597744182442451,0.01292141501855859
2013-05-29,5780.75,2145.83,2977.3,-0.018123065064155952,-0.020589708752241975,-0.024206704927028255
2013-05-30,5799.24,2137.8,2982.87,0.003193442431907556,-0.0037491610647713003,0.0018690747483844916
2013-05-31,5672.37,2131.07,2944.58,-0.02211985465943833,-0.003153061852757766,-0.01291973196256091
2013-06-03,5645.22,2094.61,2916.11,-0.004797850440120044,-0.017256822478210587,-0.009715655989087857
2013-06-04,5697.24,2093.43,2926.39,0.009172677662126816,-5.635094369802474e-4,0.003519045137760024
2013-06-05,5623.68,2030.07,2895.1,-0.012995593161129193,-0.030733593871960174,-0.010749928738052361
2013-06-06,5612.91,1990.23,2877.25,-0.0019169522600801514,-0.019820065270560683,-0.006184675876258261
2013-06-07,5673.33,2058.64,2956.53,0.010706945307674687,0.033795360655354933,0.027181306494237667
2013-06-10,5673.05,2020.92,2954.62,-4.93549484605893e-5,-0.018492717328767228,-6.462363724395459e-4
2013-06-11,5641.36,1982.47,2877.17,-0.005601720790991749,-0.019209311270032003,-0.026562874835393657
2013-06-13,5565.56,1945.14,2841.58,-0.01352756259785437,-0.019009588089333285,-0.012446936650211349
2013-06-14,5646.53,1983.68,2881.91,0.014443588597668366,0.01961975161695584,0.014093033273389288
2013-06-17,5794.98,2022.15,2959.48,0.025950828341438026,0.01920759629162827,0.026560308451468728
2013-06-18,5807.24,2035.68,2979.44,0.002113389431192658,0.006668613589208228,0.006721786167636523
2013-06-19,5789.42,2035.83,2960.53,-0.0030733011101613528,7.368273690477878e-5,-0.0063670570333913545
2013-06-20,5699.62,1988.65,2936.11,-0.01563260790419463,-0.023447581584504107,-0.008282730371266922
2013-06-21,5662.06,1965.27,2952.89,-0.006611722355751581,-0.01182637610242221,0.005698775823505642
2013-06-24,5638.22,1953.58,2959.08,-0.0042193707357327526,-0.0059660536505701245,0.002094057399468774
2013-06-25,5641.57,1972.16,2972.83,5.939827068566217e-4,0.009465801980079291,0.00463595186922916
2013-06-26,5656.05,1991.97,2996.87,0.0025633731580398944,0.009994710016294484,0.008054049600990432
2013-06-27,5705.69,1993.57,2972.89,0.008738153813791172,8.029025356437458e-4,-0.008033867015869944
2013-06-28,5783.65,2003.73,3022.03,0.013571048730263158,0.005083442263042137,0.0163942473339862
2013-07-01,5809.57,2021.02,3034.96,0.004471586528914884,0.008591890856839868,0.004269453851144078
2013-07-02,5803.26,2034.86,3069.48,-0.001086729181603019,0.006824685995642454,0.011309921292067315
2013-07-03,5777.58,2034.45,3059.93,-0.004434918726204273,-2.0150836450749665e-4,-0.0031161262593730754
2013-07-04,5887.93,2055.38,3077.99,0.01891958287885842,0.010235233600708327,0.005884746662870199
2013-07-05,5836.87,2040.39,3071.19,-0.008709798510235345,-0.0073197796405839455,-0.0022116779056258196
2013-07-08,5932.76,2050.29,3091.12,0.01629484048882901,0.004840280505124639,0.006468376141100407
2013-07-09,5820.97,2046.51,3091.78,-0.019022620224875553,-0.0018453432301637207,2.1349205146670158e-4
2013-07-10,5747.74,2014.9,3075.25,-0.012660180453503145,-0.015566336954198512,-0.005360778068695282
2013-07-11,5611.45,2060.14,3151.48,-0.023997580908233118,0.022204375281699384,0.024485984999776278
2013-07-12,5681.48,2070.43,3227.06,0.012402609011667565,0.004982373515815652,0.02369932225098559
2013-07-15,5701.08,2069.2,3246.93,0.003443868404245265,-5.942560258755947e-4,0.006138428509240512
2013-07-16,5751.09,2075.7,3264.71,0.008733771484591202,0.003136387043515043,0.005461003429878986
2013-07-17,5729.22,2107.01,3312.37,-0.0038100062551755798,0.014971434704531994,0.014493007302567307
2013-07-18,5684.44,2084.68,3272.85,-0.00784677829297209,-0.01065451464156375,-0.01200278030457369
2013-07-19,5711.33,2104.47,3262.05,0.004719303725407187,0.00944828770567785,-0.003305332853663856
2013-07-22,5711.61,2103.76,3248.15,4.902415666308002e-5,-3.374340312847224e-4,-0.004270228601894743
2013-07-23,5771.31,2119.34,3251.65,0.010398145750935228,0.007378499530738658,0.0010769563181280972
2013-07-24,5773.17,2117.43,3227.95,3.2223192661717803e-4,-9.01630312427848e-4,-0.007315298996624975
2013-07-25,5792.97,2077.87,3226.24,0.0034237903642626577,-0.018859758580336283,-5.298883485025385e-4
2013-07-26,5834.55,2084.51,3227.37,0.007152028504760821,0.0031904850746382607,3.501916017700779e-4
2013-07-29,5812.55,2086.16,3229.32,-0.003777768914920543,7.912398181026958e-4,6.040246811558347e-4
2013-07-30,5797.19,2095.04,3216.77,-0.0026460556329528373,0.004247590811774948,-0.003893838235859093
2013-07-31,5756.14,2067.28,3190.08,-0.007106206218582045,-0.013338912722854701,-0.00833175566693889
2013-08-01,5803.19,2114.86,3232.74,0.008140655182330647,0.02275488290616856,0.013284079995255382
2013-08-02,5798.6,2101.75,3214.48,-7.912572524553241e-4,-0.006218285420634295,-0.005664472074643712
2013-08-05,5861.99,2114.55,3216.39,0.010872627279470137,0.006071692869637602,5.940098481733713e-4
2013-08-06,5786.37,2073.51,3140.74,-0.012983984416047534,-0.019599200446793752,-0.02380117167654383
2013-08-07,5785.59,2062.97,3134.03,-1.3480862380710334e-4,-0.0050961314019621895,-0.0021387246250323955
2013-08-08,5801.69,2064.76,3131.53,0.002778911075042245,8.673048441663056e-4,-7.980133085219165e-4
2013-08-09,5818.7,2139.23,3170.46,0.0029276146754604326,0.03543195430307122,0.012354984760897025
2013-08-12,5811.13,2162.57,3183.98,-0.0013018248880847239,0.010851378040809934,0.0042552987835868805
2013-08-13,5882.75,2182.24,3227.99,0.012249295446466135,0.009054542954229916,0.013727665954098356
2013-08-14,5914.1,2193.56,3271.64,0.005314990662897756,0.0051739225981650705,0.013431735728017813
2013-08-15,5810.18,2134.96,3210.54,-0.017727778865708643,-0.02707788365251229,-0.01885224094461968
2013-08-16,5718.71,2129.34,3186.92,-0.015868295969328372,-0.002635838591944051,-0.007384214149510626
2013-08-19,5673.91,2118.71,3181.13,-0.007864781046727387,-0.005004659637772413,-0.0018184535597303153
2013-08-20,5592.64,2098.15,3190.55,-0.014427026839127777,-0.00975140883053438,0.002956836144678121
2013-08-21,5612.18,2101.69,3205.91,0.0034877882568622454,0.0016857789050748195,0.004802665700701425
2013-08-22,5696.49,2151.55,3250.83,0.014910959837889592,0.023446729639855945,0.013914366922922028
2013-08-23,5694.47,2148.09,3240.88,-3.546672135037454e-4,-0.0016094374165591674,-0.003065450487364174
2013-08-26,5611.57,2139.04,3237.97,-0.014664990697774272,-0.004221944957526702,-8.983076304254212e-4
2013-08-27,5566.39,2122.73,3222.99,-0.008083808858650343,-0.007654134140390845,-0.004637090105001462
2013-08-28,5530.79,2101.88,3231.8,-0.00641606644669146,-0.009870813774289111,0.0027297574268718705
2013-08-29,5626.86,2108.74,3243.37,0.01722089762498591,0.0032584303829805705,0.003573655151409838
2013-08-30,5678.37,2102.15,3248.69,0.009112659618802255,-0.0031299822033190594,0.0016389254538093923
2013-09-02,5718.63,2109.53,3249.11,0.007065046497199745,0.0035045433429505835,1.2927452386435334e-4
2013-09-03,5743.44,2102.51,3268.29,0.00432906774197761,-0.0033333047643830938,0.005885799665650282
2013-09-04,5720.58,2109.74,3283.23,-0.003988135104341595,0.0034328480503891257,0.004560781588669016
2013-09-05,5773.82,2161.35,3409.13,0.009263707672898747,0.02416830931830205,0.03762943283950548
2013-09-06,5671.2,2157.45,3422.21,-0.017933170966843548,-0.001806057729044852,0.0038294144294415133
2013-09-09,5656.57,2191.94,3459.67,-0.0025830341072161644,0.01586002771249806,0.010886667590174426
2013-09-10,5658.73,2234.3,3433.64,3.81783960872184e-4,0.019140983454935423,-0.007552285831533112
2013-09-11,5682.3,2205.88,3444.39,0.004156594936342017,-0.012801457650390091,0.0031258976053880616
2013-09-12,5776.67,2208.34,3433.83,0.016471311744615136,0.0011145798146303676,-0.0030705642730115557
2013-09-13,5714.99,2179.43,3414.89,-0.010734844629316953,-0.013177727345142998,-0.005530974629959218
2013-09-16,5766.76,2234.78,3461.53,0.009017850211780143,0.025079414493712093,0.013565406191931473
2013-09-17,5726.62,2225.86,3476.26,-0.006984918831427933,-0.003999431422373689,0.004246315363619857
2013-09-18,5683.89,2229.14,3445.27,-0.007489621365341037,0.0014725030719002774,-0.008954727374733906
2013-09-19,5734.34,2277.73,3486.51,0.008836803655059455,0.021563472112756443,0.011898960030515937
2013-09-20,5749.14,2241.44,3462.32,0.0025776172718376955,-0.016060816512729836,-0.006962351278158252
2013-09-23,5755.02,2209.31,3445.6,0.0010222390008554072,-0.014438266880510753,-0.004840829844830807
2013-09-24,5740.77,2216.17,3441.56,-0.0024791697306074667,0.003100231158895461,-0.001173197795139913
2013-09-25,5754.57,2218.88,3476.54,0.002400974069384887,0.0012220833304157352,0.01011268935294396
2013-09-26,5798.38,2231.3,3488.97,0.007584246447638776,0.005581811183853702,0.0035690173998244035
2013-09-27,5770.94,2192.62,3492.3,-0.004743589330008291,-0.017487199450814117,9.539812247751911e-4
2013-09-30,5760.1,2165.41,3480.07,-0.0018801431949295733,-0.012487455839090167,-0.0035081364135578497
2013-10-01,5772.17,2176.74,3480.16,0.002093257339151222,0.005218624742795441,2.5861214357547624e-5
2013-10-02,5802.45,2164.46,3426.59,0.005232149146527476,-0.005657437000551546,-0.015512672173205289
2013-10-03,5763.36,2158.13,3435.94,-0.0067596041855058075,-0.002928801725276209,0.002724944236472737
2013-10-04,5850.01,2172.8,3468.13,0.014922732675632489,0.006774552396856315,0.0093250019939628
2013-10-07,5847.32,2160.68,3483.97,-4.59934027238873e-4,-0.005593671415137891,0.004556904362793546
2013-10-08,5893.56,2182.76,3550.16,0.0078767927234491,0.01016714410788655,0.01882022473322742
2013-10-09,5896.7,2169.12,3544.59,5.326430586318764e-4,-0.006268575726046777,-0.0015701754520964784
2013-10-10,5890.83,2179.14,3599.85,-9.959678550526263e-4,0.004608748205424895,0.01546968048519659
2013-10-11,5907.08,2150.89,3592.33,0.002754726943352992,-0.013048593581531875,-0.002091160883177068
2013-10-14,5861.56,2161.15,3582.83,-0.007735851722161513,0.004758777452106955,-0.0026480261210064526
2013-10-15,5896.14,2180.98,3626.98,0.005882119751939641,0.00913382964704823,0.012247355163363949
2013-10-16,5964.15,2180.67,3619.44,0.011468647974711033,-1.4214804054546448e-4,-0.0020810283480976466
2013-10-17,5937.32,2167.52,3567.65,-0.0045086943798917645,-0.006048512181155985,-0.01441220200258897
2013-10-18,5976.54,2201.75,3623.62,0.0065839520821970865,0.015668841853142546,0.01556641043495155
2013-10-21,5938.13,2198.11,3620.7,-0.006447536198798787,-0.0016545984783302714,-8.061488609385492e-4
2013-10-22,5953.32,2205.79,3602.87,0.002554778140925862,0.003487821151948012,-0.004936627238381064
2013-10-23,5971.47,2189.7,3547.7,0.0030440811142966595,-0.007321173233489908,-0.0154312438777513
2013-10-24,5962.39,2186.91,3527.39,-0.0015217208434101792,-0.001274959559080635,-0.005741285492838699
2013-10-25,5947.09,2183.81,3537.5,-0.0025693831161728298,-0.001418530823217523,0.002862042268501952
2013-10-28,5971.29,2197.64,3547.81,0.004060960173720929,0.006312999546571163,0.0029102487475505256
2013-10-29,6040.15,2201.86,3560.3,0.011465861610927774,0.001918400406512255,0.0035142992594643374
2013-10-30,6006.04,2218.94,3553.26,-0.005663216529820048,0.007727146663696338,-0.001979319018433401
2013-10-31,6003.42,2178.05,3555.37,-4.3632270586080324e-4,-0.018599623289637712,5.936446437537768e-4
2013-11-01,6066.65,2179.08,3547.89,0.010477251318359748,4.7278828916574867e-4,-0.0021060760171600634
2013-11-05,6144.19,2189.49,3528.31,0.012700361688267492,0.004765870618519408,-0.00553405781946914
2013-11-06,6097.08,2176.4,3517.72,-0.007696951799639251,-0.0059965043664549356,-0.003005950293722748
2013-11-07,6090.26,2205.61,3528.91,-0.0011191942970150137,0.013331979001212524,0.0031759889212406023
2013-11-08,6055.32,2170.31,3479.81,-0.005753549255910428,-0.01613410013873029,-0.014011346797856206
2013-11-11,6053.77,2166.82,3461.16,-2.560060266247888e-4,-0.0016093595318888987,-0.005373901596598785
2013-11-12,6019.93,2158.53,3502.11,-0.005605587121047861,-0.0038332205027620248,0.01176185099473237
2013-11-13,5938.77,2053.15,3443.3,-0.013573590120765644,-0.05005223528063851,-0.01693533011838788
2013-11-14,6017.8,2091.24,3492.35,0.013219702797783839,0.018381992301587324,0.014144548175361038
2013-11-15,5995.63,2104.13,3479.86,-0.003690873492024238,0.006144888560550399,-0.003582798957749489
2013-11-18,6030.53,2139.05,3504.84,0.005804030209525024,0.016459725197173647,0.00715280727976797
2013-11-19,6085.72,2162.01,3505.11,0.009110142446038694,0.010676539317083567,7.703335976216863e-5
2013-11-20,6094.17,2182.23,3502.19,0.0013875332791499773,0.009308945185313888,-8.334166280921096e-4
2013-11-21,6048.42,2160.83,3480.84,-0.007535495555334393,-0.009854882591883829,-0.0061148431340907194
2013-11-22,6081.52,2158.75,3508.01,0.0054575838227606255,-9.630566679001973e-4,0.007775281163583614
2013-11-25,6119.41,2177.95,3491.72,0.006211021914911186,0.008854716927366724,-0.004654473646565904
2013-11-26,6175.22,2153.25,3452.81,0.00907882276156613,-0.011405738718972103,-0.011206059208776153
2013-11-27,6165.12,2154.62,3422.58,-0.0016369082626930265,6.360452131506378e-4,-0.00879373964431096
2013-11-28,6221.26,2170.95,3432.72,0.009064857436280604,0.007550485869289858,0.0029582971992585527
2013-11-29,6170,2173.34,3425.91,-0.008273620666050974,0.0011002949808238682,-0.001985819978020942
2013-12-02,6207.58,2158.05,3409.4,0.006072288035767315,-0.007060118581395436,-0.004830807119908798
2013-12-03,6141.6,2118.76,3354.76,-0.010685831421511693,-0.01837402426951762,-0.01615608989214934
2013-12-04,6042.34,2110.67,3352.16,-0.016293940392959172,-0.003825579270239743,-7.753186649743782e-4
2013-12-05,6120.89,2118.37,3319.51,0.012916156649076527,0.0036414923995975457,-0.00978773250314191
2013-12-06,6205.04,2137.66,3354.1,0.013654354262305546,0.00906484779968686,0.010366296428227173
2013-12-09,6261.67,2141.03,3406.03,0.009085057647338246,0.0015752488246931762,0.015363912084964682
2013-12-10,6243.66,2145.17,3407.39,-0.0028803738008900126,0.001931781665560628,3.9921214839466757e-4
2013-12-11,6234.4,2129.38,3397.2,-0.0014842053492092333,-0.00738794578161972,-0.0029950394122923996
2013-12-12,6228.14,2104.87,3368.27,-0.0010046107015888595,-0.011577150029632222,-0.008552303485995338
2013-12-13,6212.19,2115.44,3373.27,-0.0025642420642739694,0.0050091211788894086,0.0014833408736851794
2013-12-16,6211.22,2149.57,3415.72,-1.5615680428560097e-4,0.016004993450471794,0.012505705042306303
2013-12-17,6175.26,2157.15,3437.81,-0.005806347086268815,0.003520083881456415,0.006446335391023794
2013-12-18,6218.18,2198.24,3458.42,0.0069262725416336934,0.018869134175139912,0.005977196630876591
2013-12-19,6223.05,2221.25,3478.32,7.828808323182557e-4,0.010413060293222642,0.005737581224620314
2013-12-20,6195.61,2192.5,3470.02,-0.0044191635259061,-0.013027655222522583,-0.0023890609693140163
2013-12-23,6176.46,2199.96,3498.06,-0.003095684924719677,0.0033967331165962733,0.008048171477048172
2013-12-24,6224.96,2219.02,3493.15,0.007821724813192432,0.008626478597991927,-0.0014046211763822924
2013-12-25,6181.23,2218.25,3487.78,-0.007049735835172655,-3.470602454793692e-4,-0.001538477268557159
2013-12-26,6173.34,2212.69,3490.49,-0.0012772603291963947,-0.0025096268142545952,7.766968421218934e-4
2013-12-27,6171.26,2243.1,3468.01,-3.369894560663056e-4,0.013649867772786983,-0.00646118508466742
2013-12-30,6245.95,2264.99,3491.14,0.012030222698685478,0.009711506222370936,0.006647388020622813
2014-01-06,6172.25,2198.83,3402.53,-0.011869814516227706,-0.029644943197208562,-0.025709057890201947
2014-01-08,6191.77,2183.63,3382.57,0.0031575517053639146,-0.0069367711059191706,-0.005883496949827816
2014-01-09,6173.77,2184.66,3397.3,-0.002911318505081084,4.715804212125363e-4,0.004345222895533851
2014-01-10,6098.66,2201.69,3413.57,-0.012240597472960246,0.007765037249516382,0.0047776659805176536
2014-01-13,6065.58,2228.7,3434.46,-0.005438906425203172,0.012193208561918745,0.006101043598972566
2014-01-14,6104.32,2212,3425.47,0.006366548756155055,-0.007521372183644459,-0.0026210194992035696
2014-01-15,6131.71,2202.39,3451.44,0.004476949753852821,-0.004353949325407669,0.007552846687200798
2014-01-16,6124.24,2207.08,3425.17,-0.0012189999020897346,0.002127240583825518,-0.007640429745189081
2014-01-17,6080.85,2231.2,3447.27,-0.007110178261198641,0.01086918241263568,0.006431507929988811
2014-01-20,6049.55,2265.32,3471.8,-0.005160599727057402,0.015176471977927264,0.007090578003415615
2014-01-21,5975.04,2303.56,3500.02,-0.012393096755284105,0.01673972306483673,0.008095491312444025
2014-01-22,5906.72,2306.58,3496.11,-0.011500106542401412,0.0013101556273724668,-0.0011177609355730311
2014-01-23,5878.35,2312.4,3506.95,-0.004814575526779663,0.002520038224905541,0.0030957920273362305
2014-01-24,5875.69,2330.53,3496.45,-4.526103442579199e-4,0.007809763295703931,-0.002998545811280451
2014-01-27,5845.43,2319.69,3490.2,-0.005163340572883257,-0.004662153461364227,-0.0017891268826044637
2014-01-28,5635.02,2312.71,3446.77,-0.03665946263828701,-0.0030135589683215613,-0.012521480542231345
2014-01-29,5632.04,2288.31,3437.41,-5.289756279793778e-4,-0.010606443242036079,-0.002719279788644613
2014-01-30,5631.32,2287.06,3457.2,-1.2784817336530807e-4,-5.464039109845942e-4,0.005740732064587917
2014-01-31,5644.79,2264.71,3422.94,0.002389122916879316,-0.009820434521493837,-0.00995918198571033
2014-02-03,5592.67,2240.82,3369.71,-0.009276184072350091,-0.010604845109965844,-0.01567314366163508
2014-02-04,5579.83,2226.97,3369.38,-0.0022985017951082654,-0.006199953160496818,-9.793607156716178e-5
2014-02-05,5658.56,2286.59,3395.17,0.014011132905173085,0.026419707663600356,0.007625082217284529
2014-02-06,5660.88,2303.48,3424.6,4.099142771174513e-4,0.007359398105551307,0.008630843178014658
2014-02-07,5685.84,2318.72,3457.61,0.004399516381814905,0.0065942863681440755,0.009592922373116153
2014-02-10,5731.35,2320.41,3471.37,0.007972231527666906,7.285849177574022e-4,0.003971729775015476
2014-02-11,5713.82,2329.11,3491.52,-0.0030633033337572613,0.003742326155657949,0.005787842763732343
2014-02-12,5672.1,2359.95,3525.97,-0.007328382197462346,0.013154212014468314,0.009818404230269806
2014-02-13,5633.56,2331.35,3492.11,-0.006817850402020653,-0.012192933440039688,-0.009649437660906202
2014-02-14,5649.97,2379.17,3530.11,0.0029086662719048917,0.02030418843146098,0.010822893878824402
2014-02-17,5761.42,2416.83,3546.67,0.01953373669285874,0.015705076757699388,0.004680103161785354
2014-02-18,5715.76,2402.33,3545.12,-0.007956700320251642,-0.006017664388185295,-4.3712518974103887e-4
2014-02-19,5721.54,2372.64,3518.55,0.0010107281424911463,-0.012435840488718597,-0.0075230369802241626
2014-02-20,5623.98,2356.79,3510.83,-0.017198401610563963,-0.006702735568806517,-0.0021964961643341496
2014-02-21,5653.7,2382.33,3519.2,0.0052705997687176875,0.010778476704468076,0.0023812142921020296
2014-02-24,5660.17,2386.36,3525.55,0.001143729016737538,0.0016901920482945698,0.0018027614094933142
2014-02-25,5622.22,2365.9,3510.93,-0.006727323399523755,-0.00861069319247143,-0.004155492814112094
2014-02-26,5642.68,2366.12,3513.76,0.0036325262537424408,9.298354620579374e-5,8.057295490910832e-4
2014-02-27,5536.23,2350.49,3474.11,-0.019045366258826135,-0.00662766572326845,-0.011348358091078481
2014-02-28,5537.98,2355.62,3458.02,3.1604963506559614e-4,0.0021801453990333286,-0.004642160171400178
2014-03-03,4837.31,2121.28,3178.27,-0.135271032231417,-0.10478428238718696,-0.08435914733489192
2014-03-04,5076.38,2186.77,3309.01,0.04823962804748305,0.03040588919802456,0.04031202739647988
2014-03-05,5139.74,2191.61,3296.94,0.012404085383836971,0.0022108642792364464,-0.0036542854341004016
2014-03-06,5068.12,2217.36,3262.55,-0.01403255437203832,0.011680865500311555,-0.010485667359981576
2014-03-07,5088.78,2213.59,3277.18,0.004068176017028691,-0.0017016670960963154,0.004474198294369458
2014-03-11,5011,2161.15,3216.48,-0.015402620197493277,-0.023975144527423886,-0.018695702585409535
2014-03-12,4949.09,2086.73,3161.8,-0.012431774681173735,-0.03504224000394096,-0.017146108230882362
2014-03-13,4846.45,2046.23,3116.27,-0.020957243122515123,-0.019599171742346044,-0.01450471187459712
2014-03-14,4596.48,1984.57,3066.65,-0.05295568499842673,-0.03059680969115597,-0.016051013215845344
2014-03-17,4848.65,2080.02,3141.8,0.05340952251176034,0.04697524306411527,0.02421012349419449
2014-03-18,5039.73,2147.79,3228.73,0.03865219353247262,0.03206189745253063,0.027292986977368372
2014-03-19,5092.89,2125.93,3192.81,0.010492940177378784,-0.010230052808482881,-0.01118746426648265
2014-03-20,5078.58,2112.97,3205.15,-0.002813754440857963,-0.006114812985533291,0.0038574843549472604
2014-03-21,5065.44,2122.14,3167.35,-0.002590690347473057,0.004330472800191387,-0.011863615016665108
2014-03-24,5134.2,2127.71,3120.9,0.013483033061174154,0.002621270486871552,-0.014773854370048412
2014-03-25,5182.89,2129.43,3175.1,0.009438778082637711,8.080542775621424e-4,0.01721770614883411
2014-03-26,5256.28,2142.73,3244.28,0.014060736461351198,0.006226378678517719,0.021554317810329238
2014-03-27,5280.98,2129.88,3209.41,0.004688134342186956,-0.006015076847153189,-0.010806326096517438
2014-03-28,5291.47,2149.4,3224.6,0.001984403509563748,0.009123093318797793,0.004721791922035479
2014-03-31,5354.84,2185.02,3280.62,0.011904734769556669,0.01643624839882385,0.01722351737593364
2014-04-01,5358.02,2212.46,3285.2,5.93679016322568e-4,0.012480036816733708,0.0013951039604638282
2014-04-02,5431.78,2215.62,3277.65,0.013672384848295138,0.0014272553957583867,-0.0023008306850513804
2014-04-03,5418.88,2193.2,3266.16,-0.002377736668119468,-0.010170609488476146,-0.0035117192608140613
2014-04-04,5470.87,2231.42,3305.57,0.009548501115306252,0.01727648957189931,0.011993941455736845
2014-04-07,5350.06,2196.42,3246.9,-0.022329877348727933,-0.015809391929026084,-0.01790822940669834
2014-04-08,5391.48,2223.58,3265.48,0.00771215399201175,0.01228974744264022,0.005706070718396461
2014-04-09,5538.24,2247.71,3271.09,0.026856830964186784,0.010793410517781155,0.0017164969938114893
2014-04-10,5750.11,2305.02,3320.48,0.03754222430655929,0.025177433049505815,0.01498608809193236
2014-04-11,5719.36,2311.24,3296.98,-0.005362074041180165,0.0026948238462196628,-0.007102452840735296
2014-04-14,5536.84,2273.8,3273.04,-0.032432970110917836,-0.016331736333906832,-0.0072876813023246
2014-04-15,5382.57,2230.37,3204.09,-0.02825798562799342,-0.01928494972141248,-0.021291097948914484
2014-04-16,5503.98,2256.2,3225.36,0.02230551162254457,0.011514491197226029,0.0066164532255417186
2014-04-17,5550.85,2254.88,3232.87,0.008479602281239451,-5.852257276188766e-4,0.0023257156790954525
2014-04-18,5636.3,2279.43,3300.29,0.015276752675653427,0.010828655250075592,0.020640055795322354
2014-04-21,5728.21,2262.21,3276.98,0.01617526913707934,-0.00758320013012348,-0.007088076844263824
2014-04-22,5614.3,2255.9,3262.46,-0.020086176651554766,-0.0027932051687749038,-0.004440754517682777
2014-04-23,5553.11,2254.27,3250.28,-0.01095878317046406,-7.228109232988444e-4,-0.003740365560481962
2014-04-24,5409.12,2211.25,3202.25,-0.026271713285451526,-0.01926822899708469,-0.014887458747661952
2014-04-25,5235.83,2191.74,3171.32,-0.03256103790190856,-0.00886221757986938,-0.009705782726426193
2014-04-28,5314.38,2214.81,3202.21,0.014890974013781033,0.010470872124861863,0.009693291431297268
2014-04-29,5361.2,2205.53,3226.39,0.008771476620319518,-0.004198778208762022,0.007522668708533686
2014-04-30,5377.98,2191.91,3216.82,0.0031250083629608127,-0.006194532979399092,-0.0029705712020486885
2014-05-02,5363.6,2184.9,3210.32,-0.002677447561815427,-0.0032032489388464924,-0.0020226732935846314
2014-05-05,5354.65,2179.18,3195.85,-0.0016700491367860337,-0.002621401658783995,-0.004517527511355368
2014-05-06,5403.08,2210.11,3238.02,0.009003819054679951,0.014093628795587065,0.013108938753097377
2014-05-07,5534.86,2289.97,3333.28,0.02409711091319977,0.035496428997009666,0.028994772309312467
2014-05-08,5467.17,2312.59,3323.45,-0.012305157160142244,0.009829391522385045,-0.002953404192526321
2014-05-12,5506.63,2331.68,3333.42,0.007191705712610741,0.00822092923720863,0.0029954039825330625
2014-05-13,5559.68,2362.17,3337.98,0.00958773184245132,0.012991650286314993,0.0013670296220080758
2014-05-14,5558.39,2375.42,3356.07,-2.3205466520437312e-4,0.0055935758675822456,0.005404812941963044
2014-05-15,5530.52,2365.26,3335.76,-0.0050266543209698256,-0.004286311480779403,-0.006070107089437116
2014-05-16,5612.02,2373.03,3365.69,0.014628882362549334,0.0032796671223787044,0.008932454619870356
2014-05-19,5696.72,2367.34,3409.73,0.01497984458994317,-0.002400657641786097,0.013000115192635775
2014-05-20,5692.89,2371.83,3438,-6.725428077629658e-4,0.0018948471329052197,0.008256797685676887
2014-05-21,5726.45,2369.59,3481.42,0.005877764672829855,-9.448646889111956e-4,0.012550349574615538
2014-05-22,5718.84,2345.08,3458.92,-0.0013298048579724053,-0.010397427946026383,-0.0064838549193968475
2014-05-23,5719.47,2350.6,3461.77,1.1015613331721852e-4,0.002351098261689444,8.236173448334938e-4
2014-05-26,5749.1,2368.49,3480.24,0.00516717706323,0.00758200657465391,0.005321237964901471
2014-05-27,5691.2,2327.09,3384.1,-0.01012219860727015,-0.017634061311636806,-0.028013264790828885
2014-05-28,5703.59,2339.95,3381.69,0.0021746789336063443,0.005511001640320146,-7.124075982041234e-4
2014-05-29,5836.24,2371.34,3422.48,0.02299095272688234,0.013325634592134428,0.011989849945294395
2014-05-30,5833.88,2356.03,3362.69,-4.0445171637770727e-4,-0.006477197057297879,-0.017624185574087292
2014-06-02,5977.66,2396.76,3451.48,0.024346884879026476,0.01713982612815368,0.026061875654752598
2014-06-03,5937.31,2419.42,3463.14,-0.006773018186441604,0.009410016738858218,0.003372567415690142
2014-06-04,5903.74,2425.29,3459.05,-0.00567012046065507,0.002423262846479979,-0.0011817070828588072
2014-06-05,5899.01,2411.5,3463.9,-8.015081660150969e-4,-0.00570214434139249,0.0014011370278428359
2014-06-06,5966.21,2432.75,3510.43,0.011327344714619159,0.008773344193071964,0.013343415173684647
2014-06-09,5913.29,2427.36,3517.9,-0.0089095248223785,-0.0022180577023158676,0.0021256835728493684
2014-06-10,6016.62,2420.73,3537.69,0.017323279733693298,-0.002735099444574729,0.005609751104614702
2014-06-11,5996.94,2413.84,3574.55,-0.0032763007141909384,-0.002850307127490126,0.01036532232292231
2014-06-16,6165.83,2399.41,3609.24,0.027773419401894373,-0.005995966646981543,0.009657929767939777
2014-06-17,6124.47,2384.74,3609.75,-0.006730536461159176,-0.006132770075878646,1.4129400396711844e-4
2014-06-18,6173.01,2397.21,3641.4,0.007894341293770424,0.005215457403926926,0.008729705218536665
2014-06-19,6185.03,2429.3,3614.26,0.0019452929089851523,0.013297588883252942,-0.007481091059380773
2014-06-20,6107.61,2399.14,3590.82,-0.012596321647091457,-0.012492810206063965,-0.006506543353999916
2014-06-23,6054.49,2398.59,3601.56,-0.008735389083351919,-2.292750956849332e-4,0.0029864962592771604
2014-06-24,6170.76,2429.14,3682.22,0.019021861446068655,0.012656220538549867,0.022148746228090488
2014-06-25,6121.18,2381.67,3584.1,-0.008067118596734701,-0.019735362953833935,-0.027008434652563196
2014-06-26,6130.96,2375.72,3559.64,0.0015964561418932988,-0.0025013728545957292,-0.006847980354052652
2014-06-27,6157.65,2373.61,3573.18,0.004343866713679034,-8.885464428978196e-4,0.0037965394510077743
2014-06-30,6168.96,2375.57,3573.22,0.001835054921636825,8.254056958376665e-4,1.1194447553819487e-5
2014-07-01,6208.26,2406.7,3578.44,0.006350397273800823,0.013019105865009983,0.0014598012005588856
2014-07-02,6262.76,2462.69,3656.47,0.008740319068031965,0.02299773389181503,0.02157124987378367
2014-07-03,6246.58,2476.8,3643.66,-0.0025868685354932808,0.005713155965234584,-0.0035095301448571092
2014-07-04,6189.87,2468.52,3592.75,-0.009120029119292994,-0.003348623643025128,-0.014070745010926089
2014-07-07,6300.73,2497.12,3632.29,0.017751414840141422,0.011519287041860338,0.010945377394298461
2014-07-08,6312.15,2512.05,3643.69,0.001810847819163186,0.005961085054352999,0.0031336010622560195
2014-07-09,6315.08,2512.87,3623.02,4.640764526477881e-4,3.263733580949335e-4,-0.0056889722440160995
2014-07-10,6224.74,2446.75,3584.6,-0.014408749562180745,-0.02666491290076234,-0.010661040369397412
2014-07-11,6242.14,2447.65,3594.86,0.002791397895585135,3.6776724834197694e-4,0.0028581556229969607
2014-07-14,6247.65,2444.2,3547.33,8.823207367711916e-4,-0.0014105095503706977,-0.01330983960572496
2014-07-15,6255.98,2465.67,3519.28,0.0013324132643663944,0.008745704814362654,-0.00793878459944608
2014-07-16,6300.67,2511.45,3518.24,0.007118170642206323,0.018396699752398327,-2.955586648631936e-4
2014-07-17,6212.42,2474.33,3418.97,-0.014105462872906926,-0.014890623286350824,-0.02862152844512167
2014-07-18,6137.81,2457.04,3372.94,-0.012082513066188127,-0.007012278879369838,-0.013554568520905974
2014-07-21,6027.98,2408.81,3294.89,-0.01805603810135281,-0.01982452380133104,-0.023411984120102147
2014-07-22,6082.35,2433.01,3350.41,0.008979171550290488,0.009996324323541472,0.016709942925675847
2014-07-23,6189.3,2442.27,3328.92,0.01743086022087148,0.003798760742192542,-0.006434799344349429
2014-07-24,6221.09,2461.47,3332.54,0.0051231378758327395,0.007830797764207809,0.0010868489359214806
2014-07-25,6085.9,2444.68,3301.23,-0.021970512369387407,-0.006844497435631425,-0.009439649699833907
2014-07-28,6021.06,2420.75,3237.95,-0.01071129663158743,-0.00983682550627929,-0.019354712794022788
2014-07-29,6048.71,2448.62,3263.14,0.004581702612236782,0.01144719104751335,0.007749508487062684
2014-07-30,6079.7,2477.73,3301.07,0.005110326488482642,0.011818217875715575,0.011556736348815377
2014-07-31,5999.57,2479.99,3295.69,-0.013267552662240334,9.11709477963818e-4,-0.0016311041155940842
2014-08-01,5954.25,2468.69,3290.54,-0.007582549702014774,-0.0045668823362117195,-0.0015638691784545244
2014-08-04,6016.43,2492.62,3297.56,0.010388809865879978,0.009646720553765142,0.002131115999109312
2014-08-05,5955.6,2450.13,3242.59,-0.010162106757817924,-0.017193281754821932,-0.0168104078624296
2014-08-06,5910.61,2427.71,3208.77,-0.007582912417523957,-0.009192658177889612,-0.010484707043547203
2014-08-07,5759.44,2448.3,3223.85,-0.025908793222543025,0.00844547996563172,0.0046886113668751506
2014-08-08,5943.89,2463.49,3239.85,0.031523553428501216,0.006185137567198851,0.004950734928813816
2014-08-11,5992.8,2481.73,3282.52,0.00819494746384386,0.00737685389739795,0.013084387657000818
2014-08-12,5898.76,2476.5,3295.8,-0.015816589320090557,-0.002109624579611946,0.004037510501255781
2014-08-13,6019.4,2509.58,3357.44,0.02024542724803524,0.013269135418906508,0.01852984822177106
2014-08-14,6033.44,2513.26,3394.61,0.0023297424259194344,0.0014653067421823707,0.011010100779873966
2014-08-15,6054.67,2529.66,3417.18,0.0035125461015717008,0.006504191149616645,0.0066267699371245214
2014-08-18,6031.57,2521.88,3432.34,-0.003822533414465923,-0.0030802512308527596,0.004426594784652238
2014-08-19,6045.82,2560.75,3449.81,0.0023597824716556914,0.015295529208499303,0.005076912745042961
2014-08-20,6026.83,2595.5,3484.37,-0.0031459564655751393,0.013478991950639951,0.00996809605888238
2014-08-21,6042.45,2608.48,3523.36,0.002588391141950197,0.004988499924060363,0.011127826653906325
2014-08-22,6025.09,2593.33,3475.51,-0.0028771418160484785,-0.0058249120348863315,-0.013673848937637345
2014-08-25,5998.58,2599.69,3489.06,-0.004409642473074626,0.0024494429753314506,0.0038911281232216766
2014-08-26,6002,2586.39,3463.61,5.699724667618256e-4,-0.005129126106018234,-0.007320961204570153
2014-08-27,5965.57,2619.69,3471.99,-0.006088138615341521,0.012792909118248375,0.0024165188528648684
2014-08-28,5920.74,2597.77,3431.2,-0.007543167318768695,-0.008402605470637425,-0.01181786238909055
2014-08-29,5893.09,2585.52,3382.6,-0.004680962987876569,-0.004726736419335964,-0.014265409662728601
2014-09-01,5826.98,2553,3374.39,-0.011281622239065925,-0.012657510012562767,-0.002430077309629297
2014-09-02,5828.96,2558.73,3401.57,3.397409422234432e-4,0.002241903386907218,0.008022522499308238
2014-09-03,5987.82,2620.13,3509.82,0.026888809185980023,0.023712893216414344,0.031327664364038554
2014-09-04,5965.79,2616.49,3532.75,-0.003685919975911389,-0.001390209939330589,0.006511850369195216
2014-09-05,6016.68,2622.64,3564.86,0.008494126165391691,0.002347719115498137,0.009048177927191148
2014-09-08,5956.36,2624.08,3542.95,-0.010076055929159722,5.489143831409748e-4,-0.00616506895833524
2014-09-09,5952.73,2614.89,3550.84,-6.096183860258009e-4,-0.003508326799408046,0.00222448176602974
2014-09-10,5947.35,2623.35,3559.15,-9.04195663650853e-4,0.0032300953586039682,0.0023375570947195
2014-09-11,5936.94,2594.09,3498.74,-0.001751893072697186,-0.011216346237752362,-0.017118848630511607
2014-09-12,5985.59,2609.9,3532.3,0.008161064810787266,0.006076125680929856,0.009546313167243525
2014-09-15,5971.65,2607.76,3534.25,-0.0023316428064461547,-8.202911343389019e-4,5.518959179493521e-4
2014-09-16,6161.07,2649.93,3592.58,0.031227192632192313,0.01604160926489495,0.016369494573266863
2014-09-17,6068.94,2643.68,3522.1,-0.01506650326242287,-0.0023613386343628306,-0.01981320470878245
2014-09-18,6195.98,2636.95,3510.17,0.020716734163068296,-0.002548939669617667,-0.003392933276122889
2014-09-19,6146.5,2638.75,3465.84,-0.008017880535193811,6.823739294681275e-4,-0.012709441849084513
2014-09-22,6110.12,2577.46,3419.9,-0.0059364012000813204,-0.023500902305511495,-0.013343716623339219
2014-09-23,6156.07,2566.75,3474.3,0.007492174006950236,-0.004163910677944749,0.015781708995362465
2014-09-24,6223.07,2567.04,3500.27,0.010824767185614093,1.1297696255851974e-4,0.007447088500848409
2014-09-25,6272.11,2568.94,3488.02,0.007849467041879166,7.398783043059964e-4,-0.0035058684019055875
2014-09-26,6160.3,2584.49,3490.09,-0.017987343501360442,0.006034833962317521,5.932838722007006e-4
2014-09-29,6102.01,2565.62,3426.94,-0.009507252558176305,-0.0073280316122374956,-0.01825978913275428
2014-09-30,6182.25,2621.26,3443.36,0.013064057779226701,0.021454953386605524,0.004780004152443951
2014-10-01,6198.35,2610.99,3411.09,0.0026008447208631935,-0.00392565844104098,-0.009415850554438165
2014-10-02,6094.08,2568.26,3356.31,-0.016965319456264893,-0.016500832950853805,-0.0161897321024842
2014-10-03,6106.81,2546.76,3388.37,0.0020867337742327408,-0.008406663755179622,0.009506823589571667
2014-10-06,6159.03,2578.02,3466.28,0.008514755695506082,0.012199699385390339,0.0227329929970157
2014-10-07,6184.89,2574.87,3442.22,0.00418992310902766,-0.0012226150344298858,-0.006965360722301028
2014-10-08,6147.63,2536.85,3391.61,-0.006042579030410167,-0.014875893485906566,-0.014811877170235022
2014-10-09,6177.04,2548.71,3401.16,0.004772550635951944,0.0046641948972778735,0.0028118150009799336
2014-10-10,6130.05,2532.85,3339.54,-0.0076362858065106565,-0.006242197867880606,-0.018283476952433375
2014-10-13,6138.9,2580.96,3401.77,0.0014426664930500266,0.018816271799476425,0.018462811445552063
2014-10-14,6145.17,2569.89,3434.78,0.0010208343886830562,-0.004298326312645706,0.009656992645547646
2014-10-15,6089.83,2552.45,3388.23,-0.009046240685375295,-0.006809414208460929,-0.013645215899504848
2014-10-16,6007.8,2534.51,3352.21,-0.013561541758388529,-0.0070533577523601565,-0.010687831322270469
2014-10-17,6119.93,2566.97,3413.25,0.01849203359064866,0.012725890552915509,0.01804508676058525
2014-10-20,6073.03,2567.11,3386.06,-0.007693001749178308,5.4537521828379454e-5,-0.007997913005150181
2014-10-21,6062.35,2601.98,3381.42,-0.0017601431116798238,0.013491941117074191,-0.0013712639644527513
2014-10-22,5919.72,2586.75,3347.72,-0.02380836320940105,-0.00587043216276939,-0.010016222502359895
2014-10-23,5932.06,2602.36,3349.74,0.0020823883769693907,0.006016464128657972,6.032137739531152e-4
2014-10-24,5900.67,2619.59,3369.04,-0.005305635070698145,0.006599091346195962,0.005745106428554081
2014-10-27,6023.78,2645.67,3424.41,0.02064906546003442,0.00990652438394335,0.016301356788263277
2014-10-28,6090.08,2669.28,3461.01,0.010946248678154191,0.00888443176350684,0.010631259885844457
2014-10-29,6199.08,2736.83,3533.03,0.017739676019292716,0.024991543203054967,0.020595405720690962
2014-10-30,6273.02,2752.76,3569.24,0.011857003432883317,0.005803728407588693,0.01019682826615842
2014-10-31,6384.78,2806.52,3672.01,0.01765913575851208,0.019341236952768348,0.02838650809185772
2014-11-03,6413.76,2844.79,3672.82,0.004528649287872,0.013543969457029625,2.2056330869091312e-4
2014-11-05,6432.06,2918.35,3685.24,0.002849177768281308,0.02552913693000214,0.003375893046682066
2014-11-06,6454.74,2962.82,3674.47,0.003519884442424015,0.015123129429813531,-0.002926747844099964
2014-11-07,6379.99,2978.17,3677.58,-0.011648214676439395,0.005167500419172022,8.460225883926142e-4
2014-11-10,6388.22,3009.49,3728.32,0.0012891393765883663,0.010461611264414472,0.013702802883690524
2014-11-11,6395.38,3027.68,3747.73,0.001120185354471559,0.00602602048453349,0.005192593311354798
2014-11-12,6426.71,3033.54,3720.68,0.004886888541737022,0.001933604728352023,-0.007243876081911793
2014-11-13,6371.91,3019.95,3657.09,-0.008563475575879664,-0.004489979443626169,-0.017238698078125836
2014-11-14,6425.22,3065.74,3708.17,0.00833160378593334,0.01504870085177501,0.01387074426961199
2014-11-17,6417.36,3105.73,3748.46,-0.0012240532636571544,0.012959816612452713,0.01080659549863583
2014-11-18,6445.99,3154.82,3775.39,0.004451413865824705,0.015682649645134106,0.007158599654022879
2014-11-19,6403.96,3167.65,3791.04,-0.006541683023597145,0.004058545983165018,0.00413669916123105
2014-11-20,6397.03,3162.3,3842.52,-0.0010827288634711607,-0.0016903771037402038,0.01348801357750773
2014-11-21,6346.67,3222.19,3838.73,-0.007903554250244582,0.018761641653137318,-9.868186317483207e-4
2014-11-24,6412.91,3130.94,3790.12,0.010382880169741426,-0.028727973646244465,-0.012743901867791507
2014-11-25,6465.16,3159.09,3776.64,0.008114614489338479,0.008950732488596458,-0.0035629554156138
2014-11-26,6448.23,3207.88,3799.63,-0.002622086020780401,0.015326271378231837,0.006068968124063545
2014-11-27,6426.54,3189.96,3814.43,-0.0033693837668700155,-0.005601905287653253,0.003887549780120736
2014-11-28,6487.86,3262.11,3838.54,0.009496447505414451,0.02236584774023953,0.006300842617992686
2014-12-01,6537.94,3443.48,3960.85,0.007689392859624888,0.05410836266818464,0.03136656272899074
2014-12-02,6535.37,3473.77,3957.89,-3.931674584496392e-4,0.008757871583108923,-7.475937176515401e-4
2014-12-03,6476.98,3535.73,4022.58,-0.00897461133637556,0.017679324869236623,0.016212432835780888
2014-12-04,6428.76,3496.84,3961.2,-0.007472678728573712,-0.011060080862440813,-0.015376478150898265
2014-12-05,6269.24,3423.39,3801.71,-0.025126538441291757,-0.02122841532897013,-0.04109604415230628
2014-12-08,6118.72,3306.79,3668.87,-0.024302210854376227,-0.03465335788234292,-0.03556725276510697
2014-12-09,6047.99,3315.12,3657.56,-0.01162693888574573,0.002515891757477462,-0.003087454322026062
2014-12-10,6031.65,3425.58,3659.03,-0.002705380287185477,0.032776978365285814,4.0182653935261214e-4
2014-12-11,5910.53,3389.72,3575.98,-0.02028509924139854,-0.010523478332038039,-0.022958820510458722
2014-12-12,5793.03,3412.87,3607.75,-0.02008003514314538,0.0068062574310214785,0.008845044879585373
2014-12-15,5607.15,3512.2,3534.17,-0.032612901707340214,0.028689042217669325,-0.020605832462216256
2014-12-16,5299.06,3774.16,3637.47,-0.05651312272000908,0.07193521962459748,0.028809908169085574
2014-12-17,5221.27,3703.9,3501.89,-0.014788779015361797,-0.018791522804901817,-0.03798556229308403
2014-12-18,5666.68,3651.05,3643.42,0.08186274100424384,-0.01437152112147011,0.039619978229742614
2014-12-19,5602.18,3628.89,3536.04,-0.011447600623151644,-0.006087981066853487,-0.029915344048969672
2014-12-22,5500.55,3457.24,3550.56,-0.01830772046460538,-0.04845623350488104,0.004097880596921399
2014-12-23,5547.86,3329.61,3524.35,0.008564180576762226,-0.0376154028696174,-0.0074093154276653195
2014-12-24,5417.12,3338.37,3505.48,-0.02384795890219671,0.00262748389757661,-0.005368563769465595
2014-12-25,5468.19,3305.26,3493.91,0.009383356967225254,-0.009967525020822876,-0.003306005391333855
2014-12-26,5569.08,3354.27,3552.63,0.018282203859932622,0.014719022162203999,0.01666672133043612
2014-12-29,5575.1,3451.13,3649.56,0.0010803846645615067,0.028467552591422418,0.026918438115206555
2014-12-30,5460.63,3457.62,3540.17,-0.020746086689138465,0.0018787774659774215,-0.03043186379120222
